snp_id,pos,ref,alt,sig
rs917907941,3074902,A,G,Possibly Damaging
rs768457728,3074941,C,A,Benign
rs776374599,3074944,C,A,Benign
rs772839428,3074950,C,A,Benign
rs768111121,3074952,C,T,Benign
rs775838708,3074953,C,A,Benign
rs921054551,3075051,C,G,Benign
rs868348450,3075082,A,C,Benign
rs773112263,3086991,A,G,Probably Damaging
rs963369791,3099305,A,T,Probably Damaging
rs766612691,3099332,A,G,Benign
rs987425434,3099361,G,T,Probably Damaging
rs767616959,3103830,A,G,Possibly Damaging
rs775574195,3103831,T,A,Probably Damaging
rs775574195,3103831,T,C,Probably Damaging
rs780520733,3105378,C,T,Probably Damaging
rs955972991,3105379,G,A,Probably Damaging
rs953211645,3105408,G,T,Probably Damaging
rs967059339,3105420,C,T,Probably Damaging
rs768810213,3105435,A,G,Probably Damaging
rs768810213,3105435,A,G,Probably Damaging
rs773952537,3107290,A,T,Probably Damaging
rs768084535,3107382,A,G,Possibly Damaging
rs770715895,3107385,G,T,Benign
rs766787858,3107404,C,G,Probably Damaging
rs779011165,3115309,G,T,Probably Damaging
rs904744419,3115326,C,G,Possibly Damaging
rs904744419,3115326,C,T,Benign
rs991102927,3115336,G,T,Probably Damaging
rs1000882022,3115342,C,G,Benign
rs780688675,3115352,A,G,Benign
rs772714975,3115367,G,C,Probably Damaging
rs772693748,3115379,G,A,Probably Damaging
rs776065987,3115380,T,G,Probably Damaging
rs981727502,3115400,A,G,Probably Damaging
rs779932711,3115410,A,C,Benign
rs779932711,3115410,A,G,Benign
rs781005553,3115436,G,A,Probably Damaging
rs778497037,3116087,T,G,Probably Damaging
rs778497037,3116087,T,G,Probably Damaging
rs769192449,3116091,T,C,Possibly Damaging
rs766455633,3116106,A,T,Benign
rs953132148,3116128,T,G,Possibly Damaging
rs781707187,3116172,A,T,Probably Damaging
rs944857374,3116186,G,A,Benign
rs770229623,3116187,A,G,Benign
rs770068718,3116202,G,A,Probably Damaging
rs990865417,3116207,T,C,Probably Damaging
rs773416184,3116210,G,A,Probably Damaging
rs779086164,3121241,C,T,Probably Damaging
rs775372689,3121247,A,G,Benign
rs776604857,3121264,G,A,Probably Damaging
rs866844621,3121319,C,T,Probably Damaging
rs778221601,3121339,A,G,Benign
rs768758343,3121367,A,G,Benign
rs769713450,3121375,G,A,Benign
rs769713450,3121375,G,T,Benign
rs777550215,3122891,G,A,Probably Damaging
rs777550215,3122891,G,A,Probably Damaging
rs770664572,3122898,G,T,Possibly Damaging
rs771706603,3122926,A,C,Probably Damaging
rs775019691,3122933,A,G,Benign
rs773494415,3122934,A,G,Benign
rs773494415,3122934,A,G,Benign
rs779703721,3125557,C,T,Benign
rs768054595,3125570,A,T,Benign
rs776146921,3125571,A,T,Benign
rs771466498,3125597,C,T,Benign
rs986452807,3127299,G,C,Benign
rs961122303,3127324,G,C,Benign
rs777355677,3127360,G,A,Probably Damaging
rs777355677,3127360,G,T,Probably Damaging
rs772695901,3127381,C,T,Benign
rs978635156,3127404,T,A,Benign
rs769875151,3127405,G,A,Possibly Damaging
rs773265998,3127413,A,T,Benign
rs949398168,3127426,C,T,Possibly Damaging
rs927015196,3127432,G,A,Benign
rs767177058,3127440,G,A,Benign
rs777486232,3127458,A,T,Probably Damaging
rs781405304,3127482,C,T,Benign
rs770954122,3127495,C,T,Benign
rs773318017,3127521,G,A,Benign
rs773318017,3127521,G,T,Benign
rs770869040,3127524,T,C,Probably Damaging
rs767362413,3127539,G,A,Possibly Damaging
rs778045518,3129972,C,T,Benign
rs778045518,3129972,C,T,Benign
rs779119462,3129976,A,G,Benign
rs779119462,3129976,A,G,Benign
rs923491176,3130000,G,C,Benign
rs768582246,3130011,G,A,Benign
rs776553904,3130015,A,G,Benign
rs781299127,3130350,A,G,Probably Damaging
rs781299127,3130350,A,G,Benign
rs916344249,3130368,T,C,Benign
rs916344249,3130368,T,C,Benign
rs770570010,3130380,T,C,Benign
rs770570010,3130380,T,C,Benign
rs773894460,3130389,A,G,Benign
rs773894460,3130389,A,G,Probably Damaging
rs776198452,3130407,G,C,Benign
rs776198452,3130407,G,T,Benign
rs776198452,3130407,G,C,Benign
rs776198452,3130407,G,T,Benign
rs928865718,3130413,A,G,Benign
rs928865718,3130413,A,G,Possibly Damaging
rs775048382,3131290,G,A,Benign
rs774720521,3131304,G,A,Possibly Damaging
rs769455994,3131332,C,T,Benign
rs779467594,3131371,C,T,Probably Damaging
rs775778616,3131383,C,T,Possibly Damaging
rs1005721829,3131389,G,A,Benign
rs771436376,3131394,A,G,Benign
rs776683393,3131668,G,C,Probably Damaging
rs780916812,3131703,G,A,Probably Damaging
rs772494183,3131719,C,A,Probably Damaging
rs772494183,3131719,C,T,Probably Damaging
rs780228204,3131747,A,C,Benign
rs769875403,3132562,A,G,Benign
rs769875403,3132562,A,G,Benign
rs773152506,3132565,A,T,Benign
rs770742584,3132568,A,G,Possibly Damaging
rs774253874,3132571,A,G,Probably Damaging
rs908957377,3132614,G,T,Probably Damaging
rs775289211,3132628,C,T,Probably Damaging
rs901489848,3132658,C,T,Possibly Damaging
rs766813539,3132663,C,G,Possibly Damaging
rs781477850,3132676,G,A,Benign
rs772010595,3132703,C,G,Benign
rs775415876,3132706,T,C,Benign
rs1002253759,3132717,A,C,Probably Damaging
rs768454643,3132817,A,G,Benign
rs974440644,3132819,A,T,Benign
rs776022895,3132826,C,A,Possibly Damaging
rs780172122,3132879,G,T,Probably Damaging
rs780168812,3132901,C,T,Benign
rs766506689,3134429,G,A,Benign
rs766506689,3134429,G,C,Benign
rs867766507,3134437,G,A,Benign
rs777435814,3134486,C,G,Probably Damaging
rs773841013,3134498,T,G,Probably Damaging
rs769180000,3134508,G,T,Probably Damaging
rs773579794,3134524,G,T,Probably Damaging
rs1007583115,3135956,C,G,Possibly Damaging
rs774387724,3135959,T,G,Possibly Damaging
rs771354654,3136233,A,C,Benign
rs771354654,3136233,A,G,Benign
rs772241091,3136254,A,G,Benign
rs893261771,3136277,G,A,Probably Damaging
rs906831660,3140587,G,C,Benign
rs906831660,3140587,G,C,Benign
rs774168210,3140615,G,C,Probably Damaging
rs774168210,3140615,G,C,Probably Damaging
rs899343740,3140616,A,G,Benign
rs899343740,3140616,A,G,Benign
rs781308516,3140644,G,A,Probably Damaging
rs781308516,3140644,G,A,Probably Damaging
rs769845761,3140650,T,C,Benign
rs769845761,3140650,T,C,Benign
rs766799488,3142749,T,C,Possibly Damaging
rs781398411,3142776,G,A,Probably Damaging
rs781398411,3142776,G,A,Probably Damaging
rs777886128,3142785,C,G,Probably Damaging
rs777886128,3142785,C,G,Benign
rs775032858,3142806,G,A,Benign
rs775032858,3142806,G,A,Benign
rs768095485,3142837,T,C,Benign
rs768095485,3142837,T,C,Benign
rs767875953,3142881,C,A,Possibly Damaging
rs767875953,3142881,C,T,Possibly Damaging
rs767875953,3142881,C,A,Possibly Damaging
rs767875953,3142881,C,T,Possibly Damaging
rs955594035,3145172,G,T,Probably Damaging
rs779774557,3145194,C,T,Probably Damaging
rs868479055,3145207,G,T,Probably Damaging
rs1004980803,3146799,T,G,Benign
rs1004980803,3146799,T,G,Benign
rs777321721,3146811,G,A,Benign
rs899187842,3146840,A,G,Probably Damaging
rs770156701,3146871,T,A,Probably Damaging
rs777405862,3146929,G,C,Possibly Damaging
rs977161353,3146931,C,T,Benign
rs969646953,3148103,C,T,Probably Damaging
rs928011618,3148118,A,G,Benign
rs939420572,3148127,C,G,Probably Damaging
rs767099503,3148134,T,A,Probably Damaging
rs776567768,3148190,C,G,Probably Damaging
rs781017733,3154320,C,G,Benign
rs781017733,3154320,C,T,Benign
rs1000434746,3154351,A,G,Probably Damaging
rs770722828,3154373,A,C,Benign
rs774079991,3154380,G,A,Benign
rs767004706,3154384,C,T,Possibly Damaging
rs898907949,3157072,C,A,Benign
rs898907949,3157072,C,A,Benign
rs994489074,3157090,C,T,Benign
rs972610805,3157111,G,T,Benign
rs1007516809,3157134,T,G,Probably Damaging
rs778905754,3160322,G,A,Possibly Damaging
rs772526571,3172359,A,C,Benign
rs772526571,3172359,A,C,Benign
rs775713671,3172371,A,G,Benign
rs775713671,3172371,A,G,Benign
rs769986597,3172915,A,G,Probably Damaging
rs769986597,3172915,A,G,Probably Damaging
rs769986597,3172915,A,G,Probably Damaging
rs769986597,3172915,A,G,Probably Damaging
rs769986597,3172915,A,G,Probably Damaging
rs769986597,3172915,A,G,Probably Damaging
rs773156677,3172917,A,C,Possibly Damaging
rs773156677,3172917,A,C,Possibly Damaging
rs773156677,3172917,A,C,Possibly Damaging
rs773156677,3172917,A,C,Possibly Damaging
rs773156677,3172917,A,C,Possibly Damaging
rs773156677,3172917,A,C,Possibly Damaging
rs982184649,3172932,A,C,Probably Damaging
rs982184649,3172932,A,C,Probably Damaging
rs982184649,3172932,A,C,Probably Damaging
rs982184649,3172932,A,C,Probably Damaging
rs982184649,3172932,A,C,Probably Damaging
rs982184649,3172932,A,C,Probably Damaging
rs924030806,3172963,C,G,Probably Damaging
rs924030806,3172963,C,T,Probably Damaging
rs924030806,3172963,C,G,Benign
rs924030806,3172963,C,T,Benign
rs924030806,3172963,C,G,Probably Damaging
rs924030806,3172963,C,G,Probably Damaging
rs924030806,3172963,C,T,Probably Damaging
rs924030806,3172963,C,T,Probably Damaging
rs924030806,3172963,C,G,Probably Damaging
rs924030806,3172963,C,G,Probably Damaging
rs924030806,3172963,C,T,Probably Damaging
rs924030806,3172963,C,T,Probably Damaging
rs767275777,3172971,A,G,Benign
rs767275777,3172971,A,G,Benign
rs767275777,3172971,A,G,Benign
rs767275777,3172971,A,G,Benign
rs767275777,3172971,A,G,Benign
rs767275777,3172971,A,G,Benign
rs781689831,3172996,G,A,Probably Damaging
rs781689831,3172996,G,A,Benign
rs781689831,3172996,G,A,Probably Damaging
rs781689831,3172996,G,A,Probably Damaging
rs781689831,3172996,G,A,Probably Damaging
rs781689831,3172996,G,A,Probably Damaging
rs769925892,3173004,T,C,Probably Damaging
rs769925892,3173004,T,C,Probably Damaging
rs769925892,3173004,T,C,Probably Damaging
rs769925892,3173004,T,C,Probably Damaging
rs769925892,3173004,T,C,Probably Damaging
rs769925892,3173004,T,C,Probably Damaging
rs773417425,3173013,G,A,Benign
rs773417425,3173013,G,A,Benign
rs773417425,3173013,G,A,Benign
rs773417425,3173013,G,A,Benign
rs773417425,3173013,G,A,Benign
rs773417425,3173013,G,A,Benign
rs767363684,3173040,T,C,Probably Damaging
rs767363684,3173040,T,C,Possibly Damaging
rs767363684,3173040,T,C,Probably Damaging
rs767363684,3173040,T,C,Probably Damaging
rs767363684,3173040,T,C,Probably Damaging
rs767363684,3173040,T,C,Probably Damaging
rs775248431,3173044,T,C,Probably Damaging
rs775248431,3173044,T,C,Benign
rs775248431,3173044,T,C,Probably Damaging
rs775248431,3173044,T,C,Probably Damaging
rs775248431,3173044,T,C,Probably Damaging
rs775248431,3173044,T,C,Probably Damaging
rs896930439,3173127,T,C,Benign
rs896930439,3173127,T,C,Benign
rs896930439,3173127,T,C,Benign
rs896930439,3173127,T,C,Benign
rs896930439,3173127,T,C,Benign
rs896930439,3173127,T,C,Benign
rs775338972,3173130,G,A,Probably Damaging
rs775338972,3173130,G,A,Probably Damaging
rs775338972,3173130,G,A,Probably Damaging
rs775338972,3173130,G,A,Probably Damaging
rs775338972,3173130,G,A,Probably Damaging
rs775338972,3173130,G,A,Probably Damaging
rs775338972,3173130,G,A,Probably Damaging
rs769574411,3174744,T,C,Benign
rs888664856,3175015,A,G,Benign
rs770208479,3175027,C,G,Benign
rs899990393,3175049,A,T,Benign
rs943349735,3175050,T,G,Benign
rs868398070,3178327,T,C,Probably Damaging
rs934733035,3178329,T,G,Probably Damaging
rs768923708,3178368,A,C,Probably Damaging
rs768923708,3178368,A,G,Probably Damaging
rs777899356,3180520,C,G,Possibly Damaging
rs770827394,3180544,G,A,Probably Damaging
rs771873458,3180547,C,G,Probably Damaging
rs771873458,3180547,C,T,Probably Damaging
rs775042917,3180551,T,A,Probably Damaging
rs892411609,3180562,G,A,Probably Damaging
rs998505909,3180565,A,G,Benign
rs778957160,3182381,C,A,Benign
rs899196481,3182427,G,A,Benign
rs890099804,3182430,A,G,Benign
rs776464028,3182431,G,C,Possibly Damaging
rs769065079,3186604,T,C,Benign
rs776784564,3186648,A,G,Benign
rs766366088,3186661,C,G,Probably Damaging
rs781211490,3186670,G,T,Probably Damaging
rs778270890,3186691,G,A,Benign
rs769153414,3186698,G,T,Benign
rs925818505,3186708,C,G,Probably Damaging
rs1004472836,3187657,G,A,Probably Damaging
rs1004472836,3187657,G,T,Probably Damaging
rs774669216,3187660,A,G,Benign
rs937721484,3187661,G,A,Benign
rs771308830,3187745,G,A,Probably Damaging
rs774757519,3187760,C,G,Benign
rs774757519,3187760,C,T,Benign
rs772331780,3187768,C,T,Probably Damaging
rs775722498,3187769,C,T,Probably Damaging
rs904089472,3187781,C,G,Benign
rs868536616,3187784,G,T,Possibly Damaging
rs776580135,3187798,A,G,Benign
rs772424546,3187855,A,G,Benign
rs780702151,3187857,A,G,Benign
rs780381130,3187858,A,C,Possibly Damaging
rs768757254,3187867,C,A,Probably Damaging
rs768757254,3187867,C,T,Probably Damaging
rs776471892,3187885,A,T,Probably Damaging
rs776471892,3187885,A,T,Probably Damaging
rs775066827,3188961,C,G,Probably Damaging
rs775447952,3188985,G,A,Benign
rs899078263,3188995,C,T,Benign
rs766761435,3189000,C,A,Benign
rs994698067,3189004,T,A,Possibly Damaging
rs888884568,3189036,T,C,Probably Damaging
rs774205436,3189070,G,C,Probably Damaging
rs771791509,3189077,C,G,Probably Damaging
rs775324194,3199762,C,G,Benign
rs775324194,3199762,C,G,Benign
rs768339882,3199767,C,A,Probably Damaging
rs768339882,3199767,C,A,Probably Damaging
rs776295296,3199770,T,C,Benign
rs776295296,3199770,T,C,Benign
rs771490920,3199773,C,A,Benign
rs771490920,3199773,C,T,Benign
rs771490920,3199773,C,A,Benign
rs771490920,3199773,C,T,Possibly Damaging
rs774697439,3199774,G,A,Benign
rs774697439,3199774,G,A,Possibly Damaging
rs767765978,3199786,G,A,Benign
rs767765978,3199786,G,A,Benign
rs775833457,3199887,C,G,Benign
rs775833457,3199887,C,G,Probably Damaging
rs780583078,3204059,G,C,Benign
rs780583078,3204059,G,C,Benign
rs769069422,3204078,C,T,Benign
rs769069422,3204078,C,T,Benign
rs774487403,3204125,C,T,Possibly Damaging
rs774487403,3204125,C,T,Probably Damaging
rs775360501,3206623,C,A,Probably Damaging
rs775360501,3206623,C,T,Probably Damaging
rs768422636,3206628,G,A,Probably Damaging
rs897302209,3206650,A,G,Probably Damaging
rs769547244,3206807,C,T,Probably Damaging
rs769547244,3206807,C,T,Probably Damaging
rs772907348,3206808,C,T,Probably Damaging
rs772907348,3206808,C,T,Probably Damaging
rs780100750,3206856,G,C,Probably Damaging
rs781149163,3206862,C,T,Probably Damaging
rs769661115,3206867,G,A,Benign
rs772994297,3206877,C,A,Benign
rs772994297,3206877,C,T,Benign
rs770636484,3206891,A,T,Possibly Damaging
rs777338986,3206924,C,T,Possibly Damaging
rs770148024,3206927,A,G,Benign
rs766675683,3206939,C,A,Probably Damaging
rs781260492,3206949,G,A,Probably Damaging
rs781260492,3206949,G,T,Possibly Damaging
rs777519710,3206960,A,C,Benign
rs778690669,3206975,A,G,Benign
rs897346932,3206976,A,G,Benign
rs931462780,3206982,A,G,Probably Damaging
rs931462780,3206982,A,G,Probably Damaging
rs771886064,3207282,G,A,Benign
rs771886064,3207282,G,A,Benign
rs779808322,3207287,A,G,Benign
rs771401044,3207306,A,C,Probably Damaging
rs898719056,3207309,A,G,Probably Damaging
rs767772416,3207315,A,G,Benign
rs775655404,3207320,A,G,Benign
rs775655404,3207320,A,T,Benign
rs775839735,3208802,G,A,Probably Damaging
rs775839735,3208802,G,C,Probably Damaging
rs776893762,3208816,A,G,Benign
rs769990148,3208827,C,A,Benign
rs766377135,3208841,C,G,Benign
rs767115582,3208861,C,G,Probably Damaging
rs767115582,3208861,C,T,Probably Damaging
rs990105314,3208871,G,A,Probably Damaging
rs769037290,3208880,A,G,Benign
rs953500912,3208904,C,T,Benign
rs771129823,3209845,G,A,Probably Damaging
rs776239024,3209890,G,A,Benign
rs767872810,3209942,T,A,Benign
rs768523603,3211943,C,A,Benign
rs769511265,3212011,A,C,Benign
rs770333490,3212019,C,T,Possibly Damaging
rs773939943,3212020,G,A,Possibly Damaging
rs919738345,3212056,A,G,Benign
rs769470860,3212088,C,A,Probably Damaging
rs769470860,3212088,C,T,Probably Damaging
rs777249004,3212107,C,A,Possibly Damaging
rs777249004,3212107,C,T,Benign
rs781170352,3212136,C,G,Benign
rs995428119,3212573,C,T,Benign
rs779434937,3212591,C,T,Benign
rs965180252,3212681,T,C,Benign
rs780197718,3213978,C,G,Benign
rs956664465,3213992,C,A,Probably Damaging
rs956664465,3213992,C,T,Probably Damaging
rs988034609,3214000,C,G,Benign
rs769904496,3214005,T,A,Benign
rs780472484,3214082,T,C,Benign
rs781546405,3214100,C,T,Probably Damaging
rs769992264,3214115,T,G,Benign
rs773344648,3214118,A,C,Benign
rs773344648,3214118,A,G,Benign
rs934277279,3215115,G,A,Possibly Damaging
rs868854722,3215120,G,C,Benign
rs768259490,3215134,T,A,Probably Damaging
rs766953690,3215157,A,G,Benign
rs866074558,3215170,C,A,Benign
rs779665648,3215175,A,G,Benign
rs768010459,3215176,G,A,Benign
rs866271390,3215181,G,A,Benign
rs778966552,3215197,A,T,Benign
rs771929252,3215210,G,C,Benign
rs771929252,3215210,G,C,Benign
rs778861697,3217765,A,C,Benign
rs778861697,3217765,A,C,Benign
rs778861697,3217765,A,G,Benign
rs778861697,3217765,A,G,Benign
rs948676628,3217774,A,G,Benign
rs779944962,3217791,G,A,Benign
rs768439193,3217804,A,G,Benign
rs780960711,3217809,G,A,Probably Damaging
rs769425323,3217834,C,T,Benign
rs772617635,3217837,T,C,Possibly Damaging
rs772741144,3217857,G,A,Benign
rs777446689,3217896,A,G,Benign
rs770551177,3217900,T,G,Benign
rs773939887,3217902,A,G,Probably Damaging
rs769165722,3217906,T,C,Probably Damaging
rs773420009,3217939,G,A,Probably Damaging
rs773420009,3217939,G,C,Probably Damaging
rs778687026,3220230,G,A,Benign
rs781609227,3220236,C,G,Probably Damaging
rs778145890,3220246,C,T,Probably Damaging
rs771179201,3220255,T,G,Probably Damaging
rs775364274,3220293,C,T,Benign
rs780107075,3222447,C,T,Probably Damaging
rs770642083,3223409,G,A,Probably Damaging
rs996054343,3223412,A,G,Benign
rs766658916,3223470,G,C,Probably Damaging
rs781546220,3223479,C,T,Benign
rs771412041,3223517,G,A,Probably Damaging
rs771751572,3223529,C,T,Probably Damaging
rs878869521,3223534,C,A,Probably Damaging
rs780869000,3224056,A,G,Benign
rs978114941,3224057,A,G,Benign
rs924629560,3224090,A,G,Benign
rs769420203,3224092,G,A,Probably Damaging
rs983393260,3225669,A,G,Probably Damaging
rs768077382,3228618,T,G,Benign
rs778129310,3228621,A,C,Benign
rs982250758,3228625,A,G,Benign
rs778992599,3228643,A,G,Benign
rs772284652,3228655,C,T,Probably Damaging
rs775654872,3228672,T,C,Possibly Damaging
rs867379885,3228678,G,A,Benign
rs779272117,3228711,C,G,Benign
rs781263790,3228891,C,G,Possibly Damaging
rs771496853,3228938,A,G,Benign
rs766772445,3228965,G,A,Benign
rs766772445,3228965,G,C,Benign
rs952106384,3228966,C,T,Benign
rs940649804,3228972,G,A,Benign
rs767514232,3228977,C,T,Probably Damaging
rs777757236,3228983,A,G,Benign
rs893167098,3229906,T,C,Probably Damaging
rs772253061,3229918,G,A,Benign
rs994408401,3229964,G,C,Benign
rs868643608,3229989,C,T,Probably Damaging
rs777093310,3233167,A,C,Probably Damaging
rs768926204,3233181,C,T,Probably Damaging
rs776830464,3233190,C,T,Probably Damaging
rs774248073,3233229,A,G,Probably Damaging
rs767357865,3233235,G,A,Benign
rs773378444,3233295,A,G,Benign
rs774148552,3233316,A,G,Benign
rs775389427,3233319,G,A,Benign
rs778130333,3235327,G,A,Probably Damaging
rs780136059,3235358,C,T,Probably Damaging
rs768350905,3235366,G,A,Probably Damaging
rs772754195,3235390,A,G,Benign
rs773875214,3235584,C,T,Probably Damaging
rs905605918,3235610,A,G,Benign
rs777200446,3235704,T,C,Probably Damaging
rs770307765,3235709,A,G,Probably Damaging
rs773669890,3235716,A,G,Probably Damaging
rs774527769,3236149,G,A,Probably Damaging
rs774527769,3236149,G,A,Probably Damaging
rs775608493,3236167,C,T,Probably Damaging
rs776564462,3236193,G,A,Benign
rs966455778,3236219,T,G,Probably Damaging
rs780787893,3236220,G,A,Probably Damaging
rs779386355,3236233,G,A,Probably Damaging
rs979525748,3236236,T,C,Probably Damaging
rs768838354,3238456,A,C,Probably Damaging
rs781300228,3238457,G,A,Probably Damaging
rs769833432,3238467,G,A,Benign
rs961154391,3238574,C,T,Probably Damaging
rs771786621,3238863,G,A,Probably Damaging
rs952646832,3238897,A,G,Probably Damaging
rs779087653,3238961,C,G,Probably Damaging
rs915886832,3239854,A,G,Probably Damaging
rs780912358,3239869,T,C,Probably Damaging
rs866109563,3239872,G,A,Probably Damaging
rs777105838,3239950,T,A,Possibly Damaging
rs781002043,3239998,G,A,Probably Damaging
rs770497692,3240021,A,G,Benign
rs769267244,3240051,A,G,Benign
rs1265427658,3074827,T,C,Possibly Damaging
rs1200106626,3074863,C,T,Probably Damaging
rs1254089537,3074878,A,C,Benign
rs1224354255,3074879,G,T,Benign
rs1167917936,3074885,G,C,Benign
rs1253122256,3074920,A,C,Benign
rs1240431349,3074931,C,A,Benign
rs1261369311,3074947,C,A,Benign
rs1248032135,3074956,C,A,Benign
rs1248032135,3074956,C,G,Benign
rs1181979177,3074961,C,T,Benign
rs1162241011,3074965,C,A,Benign
rs1271648389,3074970,C,T,Benign
rs1214832191,3074976,C,T,Benign
rs1224888537,3074977,T,C,Benign
rs1224511868,3074988,C,T,Benign
rs1249390585,3074989,C,A,Benign
rs1196024813,3074992,C,A,Benign
rs1158883388,3075025,C,G,Benign
rs1167429684,3075028,C,T,Benign
rs1231836584,3075039,C,A,Probably Damaging
rs1204540369,3075046,C,T,Benign
rs1050799427,3075058,C,G,Probably Damaging
rs1266392456,3086959,C,T,Possibly Damaging
rs1171526197,3086962,A,G,Probably Damaging
rs1222527408,3087007,T,A,Probably Damaging
rs1263314404,3087018,G,A,Benign
rs1247555339,3099282,C,T,Probably Damaging
rs1160407584,3099308,G,A,Probably Damaging
rs1202708405,3099353,G,A,Benign
rs1180551915,3099377,C,G,Probably Damaging
rs1035337838,3105366,C,G,Benign
rs1035337838,3105366,C,T,Benign
rs1266066371,3105421,G,A,Probably Damaging
rs1182308681,3107286,C,A,Probably Damaging
rs1182308681,3107286,C,A,Probably Damaging
rs1208773434,3107355,A,T,Probably Damaging
rs1240381340,3107365,C,T,Benign
rs1194682775,3107379,A,G,Probably Damaging
rs1211775797,3115419,A,G,Probably Damaging
rs1017365771,3115440,T,C,Probably Damaging
rs1238956419,3115444,A,T,Probably Damaging
rs1238956419,3115444,A,T,Probably Damaging
rs1252203558,3116213,G,A,Possibly Damaging
rs1246294312,3116238,C,G,Benign
rs1255436861,3116254,G,T,Probably Damaging
rs1259286776,3121293,G,T,Probably Damaging
rs1029077005,3121361,T,C,Benign
rs1177733862,3121379,C,G,Benign
rs1175675326,3121394,G,A,Benign
rs1193353932,3122910,G,A,Probably Damaging
rs1197329280,3127327,C,T,Benign
rs1255535548,3127330,C,T,Benign
rs1195018436,3127368,C,A,Probably Damaging
rs1180799668,3127393,A,G,Probably Damaging
rs1055779360,3127399,C,T,Benign
rs1190553212,3127401,A,G,Benign
rs1217266926,3127420,C,G,Benign
rs1264388810,3127429,A,G,Benign
rs1241775419,3127483,C,T,Benign
rs1214138591,3127490,C,A,Benign
rs1239021099,3127491,C,T,Benign
rs1209241826,3127552,C,T,Probably Damaging
rs1222187754,3127560,G,A,Probably Damaging
rs1240909957,3127566,C,T,Probably Damaging
rs1237679058,3127569,G,C,Probably Damaging
rs1237679058,3127569,G,T,Probably Damaging
rs1219090331,3129948,T,C,Benign
rs1219090331,3129948,T,C,Benign
rs1182913933,3130338,G,A,Benign
rs1182913933,3130338,G,A,Benign
rs1265102865,3130378,T,A,Benign
rs1265102865,3130378,T,A,Benign
rs1199252920,3130412,C,G,Benign
rs1199252920,3130412,C,G,Possibly Damaging
rs1261369645,3131295,A,T,Benign
rs1211552556,3131308,T,C,Probably Damaging
rs1184711495,3131311,G,A,Probably Damaging
rs1027771909,3131367,G,T,Benign
rs1167737508,3131391,A,G,Benign
rs1241379458,3131395,A,G,Benign
rs1241379458,3131395,A,G,Benign
rs1051675128,3131653,G,C,Benign
rs1210554604,3131662,G,A,Probably Damaging
rs1224055035,3131676,G,A,Probably Damaging
rs1265939849,3131683,C,T,Probably Damaging
rs1269609292,3131725,C,G,Possibly Damaging
rs1268663578,3131772,C,T,Benign
rs1220329346,3132573,G,A,Benign
rs1201284585,3132594,A,G,Benign
rs1239586233,3132595,T,C,Benign
rs1180767981,3132597,G,A,Benign
rs1162797367,3132648,C,T,Benign
rs1010144529,3132687,G,C,Benign
rs1195871692,3132708,A,G,Benign
rs1217749703,3132848,G,T,Probably Damaging
rs1054565777,3132867,G,C,Probably Damaging
rs1163382824,3132904,C,G,Probably Damaging
rs1027160074,3134436,T,A,Probably Damaging
rs1225122494,3134527,G,A,Possibly Damaging
rs1165307464,3135939,T,C,Possibly Damaging
rs1256794146,3140553,G,A,Probably Damaging
rs1256794146,3140553,G,A,Probably Damaging
rs1049922567,3140560,T,C,Probably Damaging
rs1049922567,3140560,T,C,Probably Damaging
rs1046622275,3140581,A,G,Probably Damaging
rs1046622275,3140581,A,G,Probably Damaging
rs1036500123,3140610,C,G,Probably Damaging
rs1036500123,3140610,C,G,Probably Damaging
rs1159724473,3140611,A,G,Probably Damaging
rs1159724473,3140611,A,G,Probably Damaging
rs1029517943,3140628,T,C,Probably Damaging
rs1029517943,3140628,T,C,Possibly Damaging
rs1168055380,3140631,C,G,Benign
rs1168055380,3140631,C,G,Probably Damaging
rs1199899902,3142762,T,G,Benign
rs1174900279,3142771,A,G,Probably Damaging
rs1174900279,3142771,A,G,Probably Damaging
rs1232553391,3142799,A,G,Benign
rs1232553391,3142799,A,G,Benign
rs1225366152,3142816,A,G,Probably Damaging
rs1225366152,3142816,A,G,Probably Damaging
rs1170794020,3142861,T,C,Benign
rs1170794020,3142861,T,C,Benign
rs1237847168,3145182,T,C,Possibly Damaging
rs1179947015,3146873,C,G,Benign
rs1054328152,3148029,G,C,Benign
rs1254631449,3148152,T,G,Benign
rs1166908698,3154302,C,T,Possibly Damaging
rs1204551204,3154362,C,T,Benign
rs1247177441,3154371,C,G,Benign
rs1162910210,3154381,T,A,Benign
rs1173443919,3157092,T,C,Benign
rs1028594977,3157098,C,A,Benign
rs1163344238,3160291,G,A,Probably Damaging
rs1187539305,3160345,G,A,Probably Damaging
rs1160884603,3160354,C,A,Probably Damaging
rs1170732959,3172347,A,G,Benign
rs1170732959,3172347,A,G,Possibly Damaging
rs1229773819,3172383,G,A,Benign
rs1229773819,3172383,G,A,Benign
rs1245589393,3172942,C,T,Probably Damaging
rs1245589393,3172942,C,T,Probably Damaging
rs1245589393,3172942,C,T,Probably Damaging
rs1245589393,3172942,C,T,Probably Damaging
rs1245589393,3172942,C,T,Probably Damaging
rs1245589393,3172942,C,T,Probably Damaging
rs1258187307,3172957,T,C,Benign
rs1258187307,3172957,T,C,Benign
rs1258187307,3172957,T,C,Benign
rs1258187307,3172957,T,C,Benign
rs1258187307,3172957,T,C,Benign
rs1258187307,3172957,T,C,Benign
rs1053376215,3172974,A,C,Benign
rs1053376215,3172974,A,C,Benign
rs1053376215,3172974,A,C,Benign
rs1053376215,3172974,A,C,Benign
rs1053376215,3172974,A,C,Benign
rs1053376215,3172974,A,C,Benign
rs1158267087,3172975,A,T,Possibly Damaging
rs1158267087,3172975,A,T,Benign
rs1158267087,3172975,A,T,Possibly Damaging
rs1158267087,3172975,A,T,Possibly Damaging
rs1158267087,3172975,A,T,Possibly Damaging
rs1158267087,3172975,A,T,Possibly Damaging
rs1184110382,3173011,G,A,Benign
rs1184110382,3173011,G,A,Benign
rs1184110382,3173011,G,A,Benign
rs1184110382,3173011,G,A,Benign
rs1184110382,3173011,G,A,Benign
rs1184110382,3173011,G,A,Benign
rs1187174165,3173095,A,C,Benign
rs1187174165,3173095,A,C,Benign
rs1187174165,3173095,A,C,Benign
rs1187174165,3173095,A,C,Benign
rs1187174165,3173095,A,C,Benign
rs1187174165,3173095,A,C,Benign
rs1271075240,3173101,T,C,Benign
rs1271075240,3173101,T,C,Benign
rs1271075240,3173101,T,C,Benign
rs1271075240,3173101,T,C,Benign
rs1271075240,3173101,T,C,Benign
rs1271075240,3173101,T,C,Benign
rs1167121677,3174723,G,T,Benign
rs1167121677,3174723,G,T,Benign
rs1197336725,3174758,A,G,Benign
rs1216376830,3174990,A,G,Probably Damaging
rs1256277011,3175075,C,T,Probably Damaging
rs1216384593,3175102,G,A,Probably Damaging
rs1217572672,3177369,T,C,Benign
rs1029465856,3177378,G,A,Benign
rs1234194952,3178338,G,T,Probably Damaging
rs1260513965,3178357,G,A,Probably Damaging
rs1260513965,3178357,G,T,Probably Damaging
rs1234913254,3178426,G,A,Probably Damaging
rs1265336533,3180580,G,T,Probably Damaging
rs1194124775,3180607,G,C,Probably Damaging
rs1167534230,3180619,T,C,Probably Damaging
rs1180491916,3182366,T,C,Benign
rs1181727696,3182376,T,C,Benign
rs1195590661,3182454,T,C,Benign
rs1009706859,3186657,C,A,Probably Damaging
rs1218328350,3186664,C,G,Possibly Damaging
rs1163728208,3186711,A,G,Benign
rs1271505094,3187654,T,C,Benign
rs1258498339,3187670,A,G,Probably Damaging
rs1255194674,3187680,A,G,Benign
rs1156916309,3187699,T,G,Probably Damaging
rs1028475846,3187742,C,A,Possibly Damaging
rs1217072801,3187776,A,C,Benign
rs1202290909,3187835,A,G,Benign
rs1209914725,3187837,C,A,Benign
rs1167448325,3187860,G,C,Possibly Damaging
rs1212557235,3188964,C,G,Probably Damaging
rs1158709526,3189017,G,C,Benign
rs1213051398,3189037,T,C,Probably Damaging
rs1260457762,3189081,A,G,Benign
rs1219745342,3199791,G,A,Benign
rs1219745342,3199791,G,A,Benign
rs1264881707,3199792,G,A,Benign
rs1264881707,3199792,G,A,Probably Damaging
rs1240208142,3199806,C,G,Probably Damaging
rs1240208142,3199806,C,G,Possibly Damaging
rs1256183488,3199839,A,G,Benign
rs1256183488,3199839,A,G,Benign
rs1194362163,3199846,C,T,Probably Damaging
rs1194362163,3199846,C,T,Probably Damaging
rs1247171202,3199849,A,T,Probably Damaging
rs1247171202,3199849,A,T,Probably Damaging
rs1262646511,3199864,T,C,Probably Damaging
rs1262646511,3199864,T,C,Benign
rs1157072241,3199909,G,A,Benign
rs1157072241,3199909,G,A,Benign
rs1251996847,3204011,C,T,Benign
rs1251996847,3204011,C,T,Possibly Damaging
rs1201691803,3204012,A,G,Benign
rs1201691803,3204012,A,G,Benign
rs1221973490,3204090,G,T,Benign
rs1221973490,3204090,G,T,Probably Damaging
rs1264212340,3206529,T,C,Probably Damaging
rs1264212340,3206529,T,C,Probably Damaging
rs1240672931,3206542,A,G,Probably Damaging
rs1240672931,3206542,A,G,Probably Damaging
rs1015885815,3206651,G,T,Probably Damaging
rs1160304964,3206668,T,G,Probably Damaging
rs1208910844,3206810,A,G,Benign
rs1242109826,3206903,A,G,Probably Damaging
rs1213883484,3206922,C,T,Benign
rs1240248129,3207283,C,G,Benign
rs1240248129,3207283,C,G,Benign
rs1206177643,3207338,A,G,Benign
rs1186086686,3207347,C,T,Probably Damaging
rs1225815140,3208787,A,G,Possibly Damaging
rs1178395987,3208819,A,C,Benign
rs1174013108,3208825,G,A,Benign
rs1174013108,3208825,G,C,Possibly Damaging
rs1182299723,3208859,A,G,Probably Damaging
rs1269392837,3208882,G,A,Benign
rs1208058272,3209839,C,T,Benign
rs1233738850,3209933,C,A,Benign
rs1157473726,3209938,A,G,Benign
rs1010050706,3209940,G,C,Benign
rs1209706587,3211980,A,G,Benign
rs1015483155,3212025,G,A,Possibly Damaging
rs1015483155,3212025,G,C,Benign
rs1162780391,3212031,C,G,Benign
rs1249974164,3212034,G,A,Benign
rs1054576718,3212118,T,C,Probably Damaging
rs1224106177,3212142,G,A,Probably Damaging
rs1224106177,3212142,G,A,Probably Damaging
rs1261328841,3212566,G,A,Benign
rs1261328841,3212566,G,A,Benign
rs1232057420,3212642,C,T,Probably Damaging
rs1164178080,3212683,G,A,Benign
rs1172727567,3213995,T,C,Possibly Damaging
rs1230927293,3214051,G,A,Benign
rs1194499045,3214061,G,T,Benign
rs1270093686,3214062,C,A,Benign
rs1170103249,3214090,C,T,Benign
rs1223633275,3214114,G,A,Benign
rs1197047835,3214135,G,A,Benign
rs1197047835,3214135,G,A,Benign
rs1051252956,3215122,C,T,Probably Damaging
rs1159941145,3215128,A,G,Benign
rs1216582043,3215154,A,G,Benign
rs1178411695,3215194,T,C,Benign
rs1157242446,3217768,C,G,Benign
rs1014829049,3217786,C,G,Benign
rs1044397637,3217813,A,T,Benign
rs1266573386,3217816,C,G,Benign
rs1250097984,3217831,T,C,Probably Damaging
rs1015464444,3217860,G,A,Benign
rs1015464444,3217860,G,T,Benign
rs1211869197,3217875,A,T,Benign
rs1019233281,3217948,C,T,Probably Damaging
rs1043734407,3220210,C,T,Benign
rs1252276830,3220225,G,A,Possibly Damaging
rs1217423125,3220245,C,T,Probably Damaging
rs1246583342,3220288,T,C,Benign
rs1255280782,3222437,G,A,Probably Damaging
rs1175775989,3222450,A,G,Probably Damaging
rs1172215542,3222455,C,T,Benign
rs1028614728,3223413,C,G,Benign
rs1028614728,3223413,C,T,Benign
rs1190074649,3223464,T,C,Probably Damaging
rs1222478940,3223994,T,C,Probably Damaging
rs1222478940,3223994,T,C,Probably Damaging
rs1267212744,3223996,G,C,Probably Damaging
rs1250101932,3224003,A,C,Probably Damaging
rs1164181487,3224021,G,C,Probably Damaging
rs1213951422,3224068,A,G,Benign
rs1252041588,3224069,T,C,Benign
rs1271339834,3224101,C,G,Probably Damaging
rs1245039079,3225682,A,G,Benign
rs1237620570,3225714,C,G,Benign
rs1244225870,3228623,A,G,Benign
rs1035163377,3228648,A,G,Probably Damaging
rs1256429059,3228694,A,G,Benign
rs1212575094,3228696,G,A,Benign
rs1033940913,3228705,C,T,Benign
rs1040244854,3228735,G,A,Benign
rs1012574284,3228884,C,T,Benign
rs1035617537,3228926,C,G,Benign
rs1217554925,3228944,T,C,Possibly Damaging
rs1266445805,3228961,C,A,Benign
rs1200003865,3229888,T,G,Possibly Damaging
rs1200003865,3229888,T,G,Possibly Damaging
rs1184442866,3229947,C,G,Probably Damaging
rs1226477579,3229965,G,A,Benign
rs1174690138,3229986,A,C,Probably Damaging
rs1174690138,3229986,A,G,Probably Damaging
rs1230220597,3233170,C,G,Benign
rs1230220597,3233170,C,T,Benign
rs1161455897,3233203,G,A,Benign
rs1027576398,3233221,A,G,Probably Damaging
rs1211686127,3233254,T,C,Benign
rs1201754021,3233349,G,A,Probably Damaging
rs1268086695,3235297,C,T,Probably Damaging
rs1191300430,3235321,A,G,Benign
rs1191300430,3235321,A,T,Benign
rs1041959339,3235342,C,G,Benign
rs1203482112,3235388,C,T,Benign
rs1199615429,3235626,C,G,Benign
rs1199615429,3235626,C,T,Benign
rs1193396566,3235644,G,A,Probably Damaging
rs1042399205,3235702,T,A,Probably Damaging
rs1166653969,3235728,C,T,Probably Damaging
rs1244386457,3235760,C,T,Probably Damaging
rs1263312995,3236156,G,C,Probably Damaging
rs1170663890,3236176,C,T,Benign
rs1181000535,3236179,C,T,Benign
rs1200240674,3236200,C,T,Probably Damaging
rs1183223043,3238570,G,C,Probably Damaging
rs1031799833,3238607,A,G,Benign
rs1031799833,3238607,A,G,Benign
rs1205456681,3238826,G,C,Probably Damaging
rs1175354155,3238898,G,T,Probably Damaging
rs1260743406,3238914,A,G,Possibly Damaging
rs1165376627,3238920,A,G,Benign
rs1204766239,3238928,C,G,Probably Damaging
rs1162804945,3238933,C,T,Probably Damaging
rs1203794450,3239870,G,A,Probably Damaging
rs1271688234,3239926,A,G,Probably Damaging
rs1223333162,3239938,T,C,Benign
rs1243026272,3239942,G,C,Benign
rs1167249644,3239949,C,A,Benign
rs1246746104,3239979,G,A,Probably Damaging
rs1165260209,3240025,G,A,Probably Damaging
rs1241292852,3240055,G,A,Probably Damaging
rs1461907867,3074860,A,C,Benign
rs1477471475,3074884,A,G,Benign
rs1464706656,3074896,A,G,Possibly Damaging
rs1469776724,3074911,A,C,Benign
rs1448138447,3074926,A,C,Benign
rs1448138447,3074926,A,G,Benign
rs1461748315,3075031,C,T,Benign
rs1489969237,3099279,C,A,Probably Damaging
rs1467409715,3103849,G,C,Probably Damaging
rs1484295109,3107337,G,A,Probably Damaging
rs1468025028,3115358,C,T,Probably Damaging
rs1470120245,3116085,G,T,Probably Damaging
rs1470120245,3116085,G,T,Probably Damaging
rs1473697818,3116097,C,G,Probably Damaging
rs1464273139,3116162,C,T,Probably Damaging
rs1451771950,3121282,G,A,Possibly Damaging
rs1474205592,3121315,A,G,Probably Damaging
rs1455690163,3121329,G,C,Benign
rs1464720327,3121349,C,T,Benign
rs1466250878,3125579,T,C,Probably Damaging
rs1487839101,3127435,A,T,Possibly Damaging
rs1455490401,3127456,A,T,Benign
rs1488820907,3129979,A,G,Probably Damaging
rs1488820907,3129979,A,G,Benign
rs1474080058,3129990,G,A,Benign
rs1474080058,3129990,G,A,Benign
rs1487889724,3131310,G,A,Probably Damaging
rs1452176742,3131352,G,A,Benign
rs1458467298,3132664,T,A,Possibly Damaging
rs1461611047,3132714,C,A,Benign
rs1461892622,3132858,A,T,Benign
rs1484796800,3135938,T,A,Benign
rs1454700504,3135965,G,T,Probably Damaging
rs1454700504,3135965,G,T,Probably Damaging
rs1474792186,3140526,T,G,Probably Damaging
rs1474792186,3140526,T,G,Probably Damaging
rs1461954622,3140646,A,G,Benign
rs1461954622,3140646,A,G,Benign
rs1453378228,3142767,A,C,Benign
rs1453378228,3142767,A,C,Benign
rs1453378228,3142767,A,C,Benign
rs1480517595,3142768,T,C,Benign
rs1480517595,3142768,T,C,Benign
rs1480517595,3142768,T,C,Benign
rs1488503491,3142824,C,G,Probably Damaging
rs1488503491,3142824,C,G,Benign
rs1477172188,3146865,T,A,Probably Damaging
rs1456384797,3148025,A,G,Benign
rs1484280561,3148166,G,A,Probably Damaging
rs1457973236,3154383,C,A,Possibly Damaging
rs1467249470,3157107,A,G,Benign
rs1452919225,3157180,C,G,Probably Damaging
rs1483859334,3172937,G,C,Probably Damaging
rs1483859334,3172937,G,C,Probably Damaging
rs1483859334,3172937,G,C,Probably Damaging
rs1483859334,3172937,G,C,Probably Damaging
rs1483859334,3172937,G,C,Probably Damaging
rs1483859334,3172937,G,C,Probably Damaging
rs1453545763,3173106,G,T,Benign
rs1453545763,3173106,G,T,Benign
rs1453545763,3173106,G,T,Benign
rs1453545763,3173106,G,T,Benign
rs1453545763,3173106,G,T,Benign
rs1453545763,3173106,G,T,Benign
rs1486634742,3173109,G,A,Benign
rs1486634742,3173109,G,A,Benign
rs1486634742,3173109,G,A,Benign
rs1486634742,3173109,G,A,Benign
rs1486634742,3173109,G,A,Benign
rs1486634742,3173109,G,A,Benign
rs1486337107,3174750,C,T,Benign
rs1476911066,3175033,C,G,Probably Damaging
rs1461190281,3175040,A,G,Probably Damaging
rs1487326676,3175107,G,T,Probably Damaging
rs1487326676,3175107,G,T,Probably Damaging
rs1480364245,3178308,G,A,Possibly Damaging
rs1456221937,3178377,A,T,Probably Damaging
rs1488757687,3180563,G,C,Probably Damaging
rs1483090778,3182363,A,G,Benign
rs1477422567,3186600,C,T,Possibly Damaging
rs1477841698,3187690,C,A,Probably Damaging
rs1449504754,3187732,A,G,Probably Damaging
rs1471612724,3187823,C,T,Benign
rs1488809356,3187839,C,A,Benign
rs1465363894,3189046,A,G,Probably Damaging
rs1478042225,3199747,T,C,Benign
rs1478042225,3199747,T,C,Benign
rs1473718198,3199809,G,A,Benign
rs1473718198,3199809,G,A,Benign
rs1472770221,3204116,A,G,Probably Damaging
rs1472770221,3204116,A,G,Probably Damaging
rs1471495059,3208817,C,T,Benign
rs1447492988,3209836,G,A,Benign
rs1462715328,3209849,A,G,Benign
rs1471955955,3209855,A,G,Probably Damaging
rs1464059325,3212058,C,G,Benign
rs1455250476,3212086,A,G,Benign
rs1461683477,3212089,C,A,Probably Damaging
rs1483346862,3212116,A,G,Probably Damaging
rs1473460002,3212124,A,G,Benign
rs1468454274,3212633,C,G,Possibly Damaging
rs1459245677,3212648,A,G,Benign
rs1465413621,3212656,C,T,Benign
rs1472525633,3213982,G,A,Benign
rs1483394957,3215179,A,C,Benign
rs1473509244,3215182,A,T,Benign
rs1483283777,3215190,G,A,Benign
rs1468079248,3217825,C,T,Benign
rs1474543108,3217894,T,G,Benign
rs1477131141,3222420,G,T,Probably Damaging
rs1458830997,3222434,G,C,Probably Damaging
rs1454487113,3223429,C,G,Possibly Damaging
rs1484262439,3223999,A,T,Probably Damaging
rs1460151434,3225723,A,G,Benign
rs1476144855,3228912,G,C,Probably Damaging
rs1477532615,3228969,G,T,Possibly Damaging
rs1454594164,3229929,G,C,Benign
rs1453739523,3229939,A,T,Benign
rs1459221163,3229968,C,T,Possibly Damaging
rs1479122378,3233206,C,T,Possibly Damaging
rs1485578021,3235377,A,C,Benign
rs1479890855,3235637,C,G,Probably Damaging
rs1453173421,3238490,A,G,Benign
rs1479674321,3238849,C,T,Probably Damaging
rs1486656712,3238911,G,A,Probably Damaging
rs1486656712,3238911,G,T,Probably Damaging
rs1452503346,3238969,T,G,Possibly Damaging
rs1453250426,3240043,A,G,Benign
rs1488678862,3240045,G,T,Benign
rs754144476,3074847,A,C,Benign
rs758426055,3074924,G,C,Benign
rs747806296,3074946,C,A,Benign
rs764556863,3074959,C,A,Benign
rs765371096,3074980,C,A,Benign
rs375917,3075034,C,A,Benign
rs748879296,3086941,A,G,Probably Damaging
rs748879296,3086941,A,G,Probably Damaging
rs770370500,3086970,C,T,Probably Damaging
rs551783257,3086971,G,A,Probably Damaging
rs370488438,3087004,T,C,Probably Damaging
rs745364744,3099281,C,T,Probably Damaging
rs375334095,3099289,T,G,Probably Damaging
rs762329574,3099290,C,G,Probably Damaging
rs77742164,3099311,A,C,Possibly Damaging
rs77742164,3099311,A,G,Possibly Damaging
rs988441501,3099336,A,G,Benign
rs759582713,3099341,G,A,Benign
rs759582713,3099341,G,C,Possibly Damaging
rs372355130,3099346,G,C,Probably Damaging
rs752654123,3099350,G,T,Possibly Damaging
rs953390305,3099359,A,T,Possibly Damaging
rs763809428,3099390,T,C,Benign
rs760587703,3103833,G,T,Probably Damaging
rs764086232,3103836,T,C,Probably Damaging
rs190411190,3103857,C,T,Probably Damaging
rs751073765,3105364,C,T,Probably Damaging
rs754491197,3105369,C,T,Probably Damaging
rs757694541,3105409,C,T,Probably Damaging
rs572251238,3105411,C,T,Probably Damaging
rs759240419,3107292,C,G,Possibly Damaging
rs767064691,3107295,G,A,Probably Damaging
rs767064691,3107295,G,C,Probably Damaging
rs763544334,3107308,C,T,Probably Damaging
rs200499945,3107320,G,A,Probably Damaging
rs181975967,3107322,A,G,Benign
rs567202171,3107326,G,C,Benign
rs538952960,3107329,A,G,Benign
rs374709608,3107335,C,T,Benign
rs748290007,3107360,G,C,Probably Damaging
rs186355914,3107368,C,T,Possibly Damaging
rs199585002,3107389,C,T,Possibly Damaging
rs201015782,3107394,G,T,Probably Damaging
rs760279546,3107397,A,C,Benign
rs763596808,3107398,A,G,Benign
rs372086384,3107413,A,G,Benign
rs1936033,3115323,T,C,Benign
rs758270865,3115324,A,G,Benign
rs746800754,3115343,T,G,Probably Damaging
rs372182277,3115344,C,T,Probably Damaging
rs747789499,3115355,C,T,Probably Damaging
rs894672916,3115365,C,T,Probably Damaging
rs761090796,3115382,A,G,Probably Damaging
rs762027904,3115395,A,G,Probably Damaging
rs548352092,3115406,A,G,Benign
rs758394244,3115409,C,G,Benign
rs751408145,3115411,A,T,Benign
rs754793295,3115418,T,C,Probably Damaging
rs747531751,3116090,C,T,Possibly Damaging
rs113106141,3116093,G,A,Benign
rs113106141,3116093,G,C,Benign
rs763123558,3116102,G,A,Possibly Damaging
rs759529263,3116111,C,T,Benign
rs375799747,3116115,C,T,Benign
rs755917139,3116118,C,T,Possibly Damaging
rs748268128,3116121,T,C,Benign
rs763755434,3116124,T,C,Possibly Damaging
rs756912473,3116135,G,A,Possibly Damaging
rs745362769,3116144,A,T,Benign
rs749530107,3116241,C,T,Probably Damaging
rs749648927,3121235,A,G,Benign
rs761675140,3121266,C,A,Probably Damaging
rs561336868,3121273,G,A,Benign
rs750119892,3121285,G,T,Benign
rs751024193,3121316,C,T,Probably Damaging
rs372410485,3121348,G,T,Benign
rs1243261057,3121354,G,A,Probably Damaging
rs201948833,3121381,A,C,Benign
rs189018320,3121397,G,T,Benign
rs754376057,3121400,G,A,Benign
rs367833914,3121405,C,T,Probably Damaging
rs550365309,3121406,G,A,Probably Damaging
rs550365309,3121406,G,T,Probably Damaging
rs758686558,3121412,G,A,Benign
rs201724304,3121430,T,C,Benign
rs201724304,3121430,T,C,Benign
rs749200813,3122897,G,T,Probably Damaging
rs745575339,3122908,C,G,Probably Damaging
rs1390736918,3122915,G,A,Benign
rs745630316,3125555,T,C,Benign
rs745630316,3125555,T,G,Benign
rs746623367,3125564,G,A,Probably Damaging
rs376039050,3125573,A,C,Benign
rs759957822,3125603,C,T,Benign
rs376114909,3127285,G,T,Benign
rs148032171,3127296,G,C,Benign
rs765256419,3127309,G,A,Probably Damaging
rs548696125,3127317,A,G,Benign
rs548696125,3127317,A,T,Benign
rs766218489,3127323,G,C,Possibly Damaging
rs751363615,3127332,G,A,Benign
rs201739761,3127335,C,G,Possibly Damaging
rs201739761,3127335,C,T,Benign
rs199954376,3127336,A,C,Possibly Damaging
rs199954376,3127336,A,G,Possibly Damaging
rs199926789,3127352,A,C,Benign
rs747375128,3127389,G,T,Benign
rs375880864,3127390,T,C,Benign
rs200974872,3127395,C,A,Possibly Damaging
rs762942925,3127416,A,G,Benign
rs766273928,3127425,A,C,Benign
rs537369613,3127431,G,A,Possibly Damaging
rs759397865,3127437,G,A,Benign
rs755774511,3127450,T,C,Probably Damaging
rs141760655,3127476,G,A,Benign
rs747431001,3127479,G,A,Benign
rs749285754,3127489,A,T,Possibly Damaging
rs118005095,3127513,G,A,Probably Damaging
rs752424106,3127543,G,C,Probably Damaging
rs752424106,3127543,G,T,Probably Damaging
rs267600138,3127546,C,G,Probably Damaging
rs542758323,3127554,A,G,Probably Damaging
rs753489740,3127558,C,A,Probably Damaging
rs371803336,3127563,G,A,Probably Damaging
rs371803336,3127563,G,C,Probably Damaging
rs752120055,3127578,G,A,Benign
rs764859997,3129933,G,A,Possibly Damaging
rs764859997,3129933,G,A,Benign
rs533978894,3129952,T,C,Benign
rs753154849,3129962,G,C,Benign
rs753154849,3129962,G,C,Benign
rs745908618,3129985,A,C,Benign
rs745908618,3129985,A,T,Possibly Damaging
rs745908618,3129985,A,C,Benign
rs745908618,3129985,A,T,Benign
rs954048883,3129993,G,T,Benign
rs954048883,3129993,G,T,Benign
rs746873345,3130009,C,T,Benign
rs369429768,3130021,C,T,Benign
rs576787839,3130023,G,A,Benign
rs372989695,3130029,T,G,Benign
rs1216301728,3130039,C,T,Possibly Damaging
rs151106561,3130311,A,G,Benign
rs151106561,3130311,A,G,Benign
rs761240567,3130313,C,A,Benign
rs761240567,3130313,C,A,Benign
rs779746400,3130319,C,G,Benign
rs779746400,3130319,C,T,Benign
rs779746400,3130319,C,G,Possibly Damaging
rs779746400,3130319,C,T,Possibly Damaging
rs754280710,3130321,T,G,Benign
rs754280710,3130321,T,G,Benign
rs750620492,3130325,T,G,Benign
rs750620492,3130325,T,G,Possibly Damaging
rs532096335,3130332,A,G,Benign
rs367861014,3130335,T,C,Benign
rs748080028,3130360,C,G,Benign
rs748080028,3130360,C,G,Benign
rs201938386,3130361,A,G,Benign
rs562787248,3130373,A,C,Benign
rs562787248,3130373,A,C,Probably Damaging
rs748951866,3130379,G,A,Benign
rs748951866,3130379,G,A,Possibly Damaging
rs374016128,3130404,C,T,Benign
rs374016128,3130404,C,T,Benign
rs547978890,3130415,G,A,Benign
rs547978890,3130415,G,A,Possibly Damaging
rs765574635,3130416,A,T,Possibly Damaging
rs765574635,3130416,A,T,Possibly Damaging
rs750792768,3130420,C,G,Benign
rs750792768,3130420,C,G,Benign
rs748665877,3131292,C,G,Benign
rs748665877,3131292,C,T,Possibly Damaging
rs556061424,3131293,G,A,Possibly Damaging
rs556061424,3131293,G,C,Possibly Damaging
rs763430638,3131296,T,C,Benign
rs566297413,3131298,A,G,Benign
rs759776295,3131305,A,T,Benign
rs747846880,3131307,A,G,Probably Damaging
rs756050443,3131319,A,G,Benign
rs753729045,3131334,G,A,Benign
rs778618061,3131337,C,T,Possibly Damaging
rs1159574285,3131350,G,C,Probably Damaging
rs745573312,3131355,C,T,Possibly Damaging
rs758062108,3131356,G,A,Possibly Damaging
rs34389685,3131386,G,A,Benign
rs749745276,3131392,A,G,Benign
rs200178417,3131641,T,G,Probably Damaging
rs768047421,3131647,C,T,Probably Damaging
rs775817515,3131652,A,G,Benign
rs761776008,3131669,C,G,Probably Damaging
rs376881312,3131670,G,A,Probably Damaging
rs750309243,3131677,C,T,Probably Damaging
rs762835319,3131679,C,G,Probably Damaging
rs766020850,3131682,G,A,Probably Damaging
rs370257023,3131694,G,A,Possibly Damaging
rs757889224,3131712,C,T,Probably Damaging
rs200639978,3131715,C,T,Benign
rs746323235,3131718,C,G,Probably Damaging
rs376441426,3131743,A,G,Probably Damaging
rs747319957,3131754,C,G,Benign
rs41264721,3131764,C,T,Benign
rs759427975,3132591,T,C,Possibly Damaging
rs750937938,3132619,G,A,Probably Damaging
rs371462947,3132633,A,G,Benign
rs371462947,3132633,A,T,Benign
rs1038768767,3132645,A,G,Benign
rs753252068,3132660,A,G,Benign
rs752064671,3132673,C,G,Benign
rs375919976,3132675,C,T,Possibly Damaging
rs756325495,3132678,T,G,Benign
rs150027738,3132679,T,C,Benign
rs749307525,3132681,C,T,Benign
rs201760820,3132684,G,A,Possibly Damaging
rs760440086,3132707,T,G,Benign
rs763628687,3132712,C,T,Benign
rs769244324,3132829,T,G,Probably Damaging
rs374344267,3132834,G,A,Benign
rs374344267,3132834,G,T,Probably Damaging
rs753154907,3132838,G,T,Benign
rs377013397,3132852,C,T,Possibly Damaging
rs754023489,3132853,G,A,Benign
rs1446338756,3132871,A,T,Probably Damaging
rs370174870,3132877,C,T,Probably Damaging
rs758500664,3132898,G,T,Probably Damaging
rs765575039,3134410,A,G,Benign
rs199977680,3134411,T,C,Benign
rs754937373,3134435,G,C,Probably Damaging
rs370452437,3134461,G,A,Benign
rs370452437,3134461,G,T,Benign
rs191504584,3134489,A,G,Probably Damaging
rs374030445,3134491,T,C,Probably Damaging
rs376122624,3134497,G,A,Probably Damaging
rs747539489,3134500,A,G,Probably Damaging
rs573256108,3134509,C,A,Probably Damaging
rs573256108,3134509,C,T,Probably Damaging
rs765627376,3134521,C,G,Benign
rs763251849,3134525,C,T,Probably Damaging
rs370786198,3134536,T,C,Probably Damaging
rs192933099,3135936,A,C,Benign
rs373663711,3135941,C,G,Probably Damaging
rs763305431,3135945,G,A,Benign
rs363075,3135947,G,A,Probably Damaging
rs749684122,3136226,C,A,Benign
rs749684122,3136226,C,A,Benign
rs749684122,3136226,C,G,Benign
rs749684122,3136226,C,G,Benign
rs759627085,3136245,G,A,Probably Damaging
rs575417138,3136259,G,A,Probably Damaging
rs575417138,3136259,G,T,Probably Damaging
rs80100842,3136286,G,A,Probably Damaging
rs376581329,3136290,C,A,Probably Damaging
rs376581329,3136290,C,T,Possibly Damaging
rs750142357,3136305,T,G,Probably Damaging
rs369875192,3136310,G,A,Probably Damaging
rs751102910,3136311,C,T,Probably Damaging
rs754479924,3136313,G,A,Benign
rs765962850,3140514,G,C,Probably Damaging
rs765962850,3140514,G,C,Benign
rs754444814,3140540,C,A,Probably Damaging
rs754444814,3140540,C,A,Possibly Damaging
rs757672786,3140551,C,G,Benign
rs757672786,3140551,C,G,Possibly Damaging
rs549028339,3140556,C,A,Probably Damaging
rs549028339,3140556,C,G,Probably Damaging
rs549028339,3140556,C,A,Possibly Damaging
rs549028339,3140556,C,G,Benign
rs372725851,3140559,G,T,Probably Damaging
rs372725851,3140559,G,T,Probably Damaging
rs758729035,3140565,G,T,Benign
rs758729035,3140565,G,T,Possibly Damaging
rs370523524,3140568,G,A,Benign
rs370523524,3140568,G,C,Benign
rs370523524,3140568,G,A,Benign
rs370523524,3140568,G,C,Benign
rs748186259,3140575,G,A,Probably Damaging
rs748186259,3140575,G,A,Benign
rs766158024,3140608,T,C,Probably Damaging
rs766158024,3140608,T,C,Probably Damaging
rs759239953,3140617,C,T,Possibly Damaging
rs759239953,3140617,C,T,Benign
rs371088688,3140621,G,C,Possibly Damaging
rs371088688,3140621,G,C,Possibly Damaging
rs765673009,3140632,A,G,Benign
rs765673009,3140632,A,G,Probably Damaging
rs750870810,3140633,T,A,Benign
rs750870810,3140633,T,A,Probably Damaging
rs758715607,3140640,G,A,Probably Damaging
rs758715607,3140640,G,C,Probably Damaging
rs758715607,3140640,G,T,Probably Damaging
rs758715607,3140640,G,A,Benign
rs758715607,3140640,G,C,Possibly Damaging
rs758715607,3140640,G,T,Probably Damaging
rs748191542,3140649,A,G,Benign
rs748191542,3140649,A,G,Benign
rs755280787,3142773,A,G,Probably Damaging
rs755280787,3142773,A,G,Probably Damaging
rs1369807585,3142779,T,C,Probably Damaging
rs1369807585,3142779,T,C,Probably Damaging
rs756171588,3142780,A,G,Probably Damaging
rs756171588,3142780,A,G,Probably Damaging
rs190593027,3142801,C,G,Possibly Damaging
rs190593027,3142801,C,T,Benign
rs190593027,3142801,C,G,Possibly Damaging
rs190593027,3142801,C,T,Possibly Damaging
rs529896829,3142803,G,C,Probably Damaging
rs529896829,3142803,G,C,Probably Damaging
rs368495667,3142804,A,C,Probably Damaging
rs368495667,3142804,A,C,Probably Damaging
rs760357658,3142818,A,G,Possibly Damaging
rs760357658,3142818,A,G,Probably Damaging
rs372185076,3142840,C,A,Probably Damaging
rs372185076,3142840,C,A,Possibly Damaging
rs532656548,3142864,C,T,Benign
rs532656548,3142864,C,T,Benign
rs373299691,3142867,C,T,Benign
rs373299691,3142867,C,T,Benign
rs866014505,3142869,A,G,Probably Damaging
rs866014505,3142869,A,G,Benign
rs759925895,3142878,G,A,Possibly Damaging
rs759925895,3142878,G,A,Possibly Damaging
rs754044475,3145162,G,T,Benign
rs757439222,3145167,G,A,Probably Damaging
rs765355875,3145174,G,A,Probably Damaging
rs765355875,3145174,G,T,Probably Damaging
rs987280795,3145197,G,A,Benign
rs200289562,3145212,T,G,Benign
rs945453962,3145213,T,C,Benign
rs376638534,3145221,C,T,Probably Damaging
rs370372155,3146819,G,C,Possibly Damaging
rs78958847,3146820,A,G,Possibly Damaging
rs747420977,3146836,C,G,Benign
rs35892913,3146843,G,A,Benign
rs1158477278,3146849,A,G,Benign
rs372507485,3146886,G,C,Probably Damaging
rs766323111,3146891,C,T,Probably Damaging
rs751565846,3146894,T,G,Benign
rs1065746,3146897,G,C,Probably Damaging
rs1143646,3146926,T,G,Benign
rs756811966,3146933,G,A,Probably Damaging
rs756595959,3148008,G,A,Benign
rs749592234,3148017,A,G,Benign
rs529839694,3148050,A,C,Benign
rs1065747,3148053,C,A,Benign
rs371584472,3148055,A,C,Benign
rs763913942,3148059,C,A,Benign
rs761614790,3148071,A,G,Benign
rs750056537,3148083,T,A,Benign
rs758007776,3148091,G,A,Possibly Damaging
rs542613235,3148104,G,A,Probably Damaging
rs753296551,3148107,C,T,Benign
rs753009860,3148109,C,G,Benign
rs369374727,3148112,G,C,Benign
rs374106761,3148135,C,G,Probably Damaging
rs373038776,3148172,G,A,Probably Damaging
rs369912429,3148179,A,G,Probably Damaging
rs768494083,3148184,G,A,Benign
rs772789582,3148199,G,A,Benign
rs772789582,3148199,G,T,Benign
rs762663975,3148200,C,G,Benign
rs2530588,3154294,C,A,Possibly Damaging
rs2530588,3154294,C,A,Possibly Damaging
rs748098904,3154321,C,G,Possibly Damaging
rs1160844797,3154342,G,A,Possibly Damaging
rs377136871,3154350,A,G,Probably Damaging
rs762754007,3154360,A,G,Benign
rs374256421,3154411,C,G,Benign
rs758697809,3154415,T,G,Benign
rs763332436,3157077,A,G,Probably Damaging
rs755225220,3157096,G,T,Possibly Damaging
rs752837562,3157116,T,G,Benign
rs756082346,3157138,A,G,Benign
rs369426776,3157146,C,T,Probably Damaging
rs188342053,3157155,C,A,Probably Damaging
rs771738411,3157187,C,G,Possibly Damaging
rs376975573,3157188,G,A,Probably Damaging
rs376975573,3157188,G,T,Probably Damaging
rs1473464204,3160286,C,T,Benign
rs369972338,3160288,C,G,Probably Damaging
rs373022404,3160301,A,G,Benign
rs34315806,3160307,C,T,Benign
rs757251653,3160319,G,A,Possibly Damaging
rs779780620,3160330,C,T,Benign
rs199529839,3160331,G,A,Possibly Damaging
rs749852277,3160385,T,C,Probably Damaging
rs749852277,3160385,T,C,Possibly Damaging
rs562588062,3172357,T,G,Probably Damaging
rs562588062,3172357,T,G,Probably Damaging
rs1472029279,3172363,G,A,Probably Damaging
rs1472029279,3172363,G,A,Benign
rs374335589,3172373,G,A,Benign
rs374335589,3172373,G,A,Benign
rs766233086,3172938,G,A,Probably Damaging
rs766233086,3172938,G,A,Benign
rs766233086,3172938,G,A,Probably Damaging
rs766233086,3172938,G,A,Probably Damaging
rs766233086,3172938,G,A,Probably Damaging
rs766233086,3172938,G,A,Probably Damaging
rs1283289670,3172945,A,G,Probably Damaging
rs1283289670,3172945,A,G,Possibly Damaging
rs1283289670,3172945,A,G,Probably Damaging
rs1283289670,3172945,A,G,Probably Damaging
rs1283289670,3172945,A,G,Probably Damaging
rs1283289670,3172945,A,G,Probably Damaging
rs759349849,3172953,G,T,Benign
rs759349849,3172953,G,T,Benign
rs759349849,3172953,G,T,Benign
rs759349849,3172953,G,T,Benign
rs759349849,3172953,G,T,Benign
rs759349849,3172953,G,T,Benign
rs752386077,3172978,C,T,Benign
rs752386077,3172978,C,T,Benign
rs752386077,3172978,C,T,Benign
rs752386077,3172978,C,T,Benign
rs752386077,3172978,C,T,Benign
rs752386077,3172978,C,T,Benign
rs755716834,3172983,G,A,Possibly Damaging
rs755716834,3172983,G,A,Benign
rs755716834,3172983,G,A,Possibly Damaging
rs755716834,3172983,G,A,Possibly Damaging
rs755716834,3172983,G,A,Possibly Damaging
rs755716834,3172983,G,A,Possibly Damaging
rs370058955,3172986,C,G,Benign
rs370058955,3172986,C,G,Benign
rs370058955,3172986,C,G,Benign
rs370058955,3172986,C,G,Benign
rs370058955,3172986,C,G,Benign
rs370058955,3172986,C,G,Benign
rs373541628,3172993,A,G,Benign
rs373541628,3172993,A,G,Benign
rs373541628,3172993,A,G,Benign
rs373541628,3172993,A,G,Benign
rs373541628,3172993,A,G,Benign
rs373541628,3172993,A,G,Benign
rs200657357,3172995,C,T,Probably Damaging
rs200657357,3172995,C,T,Probably Damaging
rs200657357,3172995,C,T,Probably Damaging
rs200657357,3172995,C,T,Probably Damaging
rs200657357,3172995,C,T,Probably Damaging
rs200657357,3172995,C,T,Probably Damaging
rs748443250,3173001,G,A,Probably Damaging
rs748443250,3173001,G,A,Probably Damaging
rs748443250,3173001,G,A,Probably Damaging
rs748443250,3173001,G,A,Probably Damaging
rs748443250,3173001,G,A,Probably Damaging
rs748443250,3173001,G,A,Probably Damaging
rs530203169,3173028,T,C,Probably Damaging
rs530203169,3173028,T,C,Probably Damaging
rs530203169,3173028,T,C,Probably Damaging
rs530203169,3173028,T,C,Probably Damaging
rs530203169,3173028,T,C,Probably Damaging
rs530203169,3173028,T,C,Probably Damaging
rs760456042,3173050,C,T,Probably Damaging
rs760456042,3173050,C,T,Probably Damaging
rs760456042,3173050,C,T,Probably Damaging
rs760456042,3173050,C,T,Probably Damaging
rs760456042,3173050,C,T,Probably Damaging
rs760456042,3173050,C,T,Probably Damaging
rs753489268,3173056,C,T,Probably Damaging
rs753489268,3173056,C,T,Probably Damaging
rs753489268,3173056,C,T,Probably Damaging
rs753489268,3173056,C,T,Probably Damaging
rs753489268,3173056,C,T,Probably Damaging
rs753489268,3173056,C,T,Probably Damaging
rs764816184,3173068,A,C,Probably Damaging
rs764816184,3173068,A,C,Probably Damaging
rs764816184,3173068,A,C,Probably Damaging
rs764816184,3173068,A,C,Probably Damaging
rs764816184,3173068,A,C,Probably Damaging
rs764816184,3173068,A,C,Probably Damaging
rs756465411,3173092,G,A,Probably Damaging
rs756465411,3173092,G,A,Benign
rs756465411,3173092,G,A,Probably Damaging
rs756465411,3173092,G,A,Probably Damaging
rs756465411,3173092,G,A,Probably Damaging
rs756465411,3173092,G,A,Probably Damaging
rs372734580,3173097,A,G,Benign
rs372734580,3173097,A,G,Benign
rs372734580,3173097,A,G,Benign
rs372734580,3173097,A,G,Benign
rs372734580,3173097,A,G,Benign
rs372734580,3173097,A,G,Benign
rs546814369,3173107,C,T,Benign
rs546814369,3173107,C,T,Benign
rs546814369,3173107,C,T,Benign
rs546814369,3173107,C,T,Benign
rs546814369,3173107,C,T,Benign
rs546814369,3173107,C,T,Benign
rs60135671,3173128,C,T,Benign
rs60135671,3173128,C,T,Benign
rs60135671,3173128,C,T,Benign
rs60135671,3173128,C,T,Benign
rs60135671,3173128,C,T,Benign
rs60135671,3173128,C,T,Benign
rs374630949,3174734,C,T,Benign
rs367600613,3174738,A,G,Benign
rs761644475,3174743,G,A,Benign
rs762578142,3174754,G,T,Possibly Damaging
rs765968177,3174755,T,G,Probably Damaging
rs551881912,3174770,A,G,Benign
rs761236930,3174771,C,T,Possibly Damaging
rs370382867,3174779,A,T,Benign
rs757547153,3174782,A,G,Benign
rs754826573,3174788,C,G,Probably Damaging
rs754826573,3174788,C,T,Probably Damaging
rs201053245,3174789,G,A,Probably Damaging
rs372640158,3174950,C,G,Possibly Damaging
rs375899948,3174955,C,A,Probably Damaging
rs756016368,3174958,A,T,Possibly Damaging
rs777708796,3174968,G,A,Probably Damaging
rs749003535,3174971,T,C,Probably Damaging
rs745410877,3175005,G,T,Probably Damaging
rs760144960,3175010,C,T,Probably Damaging
rs199843834,3175048,G,A,Possibly Damaging
rs199843834,3175048,G,T,Possibly Damaging
rs751683630,3175051,T,A,Probably Damaging
rs759714607,3175058,C,T,Probably Damaging
rs748918563,3175064,T,A,Probably Damaging
rs756111223,3175066,G,T,Probably Damaging
rs753687423,3175105,C,A,Probably Damaging
rs753687423,3175105,C,A,Probably Damaging
rs757123370,3177345,T,G,Probably Damaging
rs757973318,3177359,T,A,Probably Damaging
rs746555646,3177368,A,C,Benign
rs1373328313,3177375,T,A,Probably Damaging
rs201715538,3177383,T,C,Probably Damaging
rs749731556,3177384,T,A,Probably Damaging
rs765822494,3178311,A,G,Benign
rs757721942,3178317,C,T,Probably Damaging
rs572039089,3178356,C,T,Probably Damaging
rs747202535,3178360,A,C,Probably Damaging
rs747202535,3178360,A,G,Probably Damaging
rs761892994,3178389,A,G,Probably Damaging
rs374828999,3178399,A,G,Probably Damaging
rs534610900,3178411,G,A,Probably Damaging
rs766132068,3178417,T,C,Probably Damaging
rs751283431,3178419,G,T,Probably Damaging
rs377474866,3178420,C,T,Probably Damaging
rs547835549,3178437,G,A,Probably Damaging
rs370489589,3178440,A,G,Probably Damaging
rs752156281,3178441,C,T,Probably Damaging
rs749310222,3180521,C,A,Probably Damaging
rs749310222,3180521,C,T,Probably Damaging
rs774235259,3180543,C,G,Probably Damaging
rs374644521,3180554,T,A,Probably Damaging
rs374644521,3180554,T,C,Possibly Damaging
rs363129,3180566,C,T,Benign
rs761339971,3180610,G,A,Probably Damaging
rs755338707,3180631,A,G,Probably Damaging
rs745531676,3182369,A,G,Benign
rs535922193,3182408,A,G,Benign
rs746851644,3182418,G,A,Benign
rs746851644,3182418,G,T,Benign
rs747798867,3182438,G,C,Possibly Damaging
rs761162561,3186603,A,G,Benign
rs762097336,3186618,G,A,Probably Damaging
rs765473338,3186621,C,T,Probably Damaging
rs750561652,3186628,T,G,Probably Damaging
rs763141300,3186632,A,C,Possibly Damaging
rs1263181972,3186666,C,G,Probably Damaging
rs754981618,3186667,T,G,Probably Damaging
rs574979338,3186681,A,T,Possibly Damaging
rs748865736,3186684,C,T,Probably Damaging
rs201149918,3186690,C,T,Probably Damaging
rs745321328,3186694,G,A,Benign
rs748839698,3186702,G,A,Benign
rs368118407,3187652,C,T,Probably Damaging
rs368118407,3187652,C,T,Probably Damaging
rs759741560,3187663,A,G,Probably Damaging
rs201729743,3187664,C,A,Probably Damaging
rs201729743,3187664,C,T,Probably Damaging
rs753577443,3187682,C,T,Probably Damaging
rs34781439,3187703,G,T,Probably Damaging
rs757943781,3187705,G,T,Probably Damaging
rs558314003,3187723,A,G,Probably Damaging
rs369275219,3187724,C,A,Probably Damaging
rs372272991,3187733,T,C,Probably Damaging
rs534626654,3187744,C,T,Probably Damaging
rs150003356,3187783,T,C,Benign
rs1386852988,3187814,A,T,Benign
rs374347047,3187826,C,T,Benign
rs754341933,3187836,A,C,Benign
rs746173777,3187846,G,A,Benign
rs747079499,3187866,G,T,Benign
rs1363209620,3187881,T,A,Benign
rs759217635,3188955,C,G,Benign
rs368601624,3188976,C,G,Probably Damaging
rs758872041,3188988,A,G,Probably Damaging
rs751785967,3189019,G,T,Benign
rs755233398,3189040,A,G,Probably Damaging
rs748248224,3189054,G,A,Probably Damaging
rs745587725,3189075,A,T,Probably Damaging
rs371907257,3199734,A,G,Benign
rs371907257,3199734,A,G,Benign
rs371907257,3199734,A,G,Possibly Damaging
rs1196905887,3199740,C,T,Probably Damaging
rs1196905887,3199740,C,T,Probably Damaging
rs201422844,3199755,G,C,Probably Damaging
rs201422844,3199755,G,T,Probably Damaging
rs201422844,3199755,G,C,Probably Damaging
rs201422844,3199755,G,T,Probably Damaging
rs368226123,3199766,G,C,Benign
rs368226123,3199766,G,C,Possibly Damaging
rs761366688,3199772,C,A,Benign
rs759983703,3199777,G,A,Benign
rs764230987,3199798,T,A,Probably Damaging
rs764230987,3199798,T,A,Possibly Damaging
rs757238419,3199817,G,C,Probably Damaging
rs757238419,3199817,G,C,Probably Damaging
rs201058625,3199824,C,G,Benign
rs201058625,3199824,C,G,Benign
rs201058625,3199824,C,T,Benign
rs758282669,3199825,G,A,Benign
rs758282669,3199825,G,C,Benign
rs758282669,3199825,G,A,Benign
rs758282669,3199825,G,C,Possibly Damaging
rs779984163,3199830,C,G,Benign
rs779984163,3199830,C,T,Possibly Damaging
rs779984163,3199830,C,G,Possibly Damaging
rs779984163,3199830,C,T,Probably Damaging
rs1315001677,3199854,G,T,Benign
rs1315001677,3199854,G,T,Benign
rs759944153,3199881,C,A,Probably Damaging
rs759944153,3199881,C,A,Probably Damaging
rs1180584015,3199899,A,G,Probably Damaging
rs1180584015,3199899,A,G,Probably Damaging
rs1011904621,3199902,G,A,Benign
rs1011904621,3199902,G,A,Benign
rs764327117,3199906,A,T,Benign
rs764327117,3199906,A,T,Possibly Damaging
rs1453298067,3199908,C,T,Benign
rs1453298067,3199908,C,T,Benign
rs761996912,3199935,C,A,Probably Damaging
rs761996912,3199935,C,T,Probably Damaging
rs761996912,3199935,C,A,Probably Damaging
rs761996912,3199935,C,T,Probably Damaging
rs377136202,3199936,C,T,Probably Damaging
rs377136202,3199936,C,T,Probably Damaging
rs572118024,3203066,G,A,Benign
rs572118024,3203066,G,A,Benign
rs752477452,3204014,A,C,Probably Damaging
rs752477452,3204014,A,C,Possibly Damaging
rs755723185,3204021,C,G,Probably Damaging
rs755723185,3204021,C,G,Probably Damaging
rs570452073,3204033,T,C,Benign
rs570452073,3204033,T,C,Benign
rs377417767,3204046,G,C,Benign
rs756742109,3204049,G,A,Benign
rs747514141,3204064,G,T,Benign
rs747514141,3204064,G,T,Benign
rs200824667,3204084,A,G,Benign
rs200824667,3204084,A,G,Benign
rs748480586,3204086,C,T,Possibly Damaging
rs748480586,3204086,C,T,Probably Damaging
rs199576985,3204094,G,A,Benign
rs199576985,3204094,G,A,Benign
rs766561678,3204099,A,G,Benign
rs766561678,3204099,A,G,Benign
rs368615371,3204128,A,G,Probably Damaging
rs368615371,3204128,A,G,Benign
rs760430500,3206515,C,G,Probably Damaging
rs760430500,3206515,C,G,Probably Damaging
rs763949259,3206517,G,A,Probably Damaging
rs763949259,3206517,G,A,Probably Damaging
rs753549693,3206527,C,T,Probably Damaging
rs753549693,3206527,C,T,Possibly Damaging
rs573638413,3206536,T,C,Possibly Damaging
rs573638413,3206536,T,C,Benign
rs757855800,3206555,T,A,Probably Damaging
rs757855800,3206555,T,A,Benign
rs753243984,3206580,C,T,Probably Damaging
rs756492388,3206583,G,A,Probably Damaging
rs367944462,3206595,A,C,Probably Damaging
rs367944462,3206595,A,T,Probably Damaging
rs749595078,3206601,G,A,Probably Damaging
rs201639415,3206604,G,A,Benign
rs202046922,3206610,C,T,Probably Damaging
rs1044635969,3206611,G,A,Probably Damaging
rs368505061,3206642,G,C,Probably Damaging
rs372193344,3206646,A,G,Probably Damaging
rs762436871,3206656,G,A,Probably Damaging
rs762679059,3206813,A,G,Benign
rs758918879,3206826,C,T,Possibly Damaging
rs764742757,3206831,C,G,Probably Damaging
rs200125263,3206848,C,G,Probably Damaging
rs199609576,3206860,G,T,Probably Damaging
rs759121416,3206912,C,T,Probably Damaging
rs201159417,3206913,G,A,Probably Damaging
rs762427543,3206925,G,A,Benign
rs762427543,3206925,G,C,Possibly Damaging
rs762427543,3206925,G,T,Benign
rs773337081,3206933,G,A,Benign
rs751702059,3206940,T,C,Probably Damaging
rs566885635,3206948,C,T,Probably Damaging
rs752705093,3206951,C,T,Probably Damaging
rs756076211,3206952,G,A,Possibly Damaging
rs749152360,3206963,C,A,Possibly Damaging
rs749152360,3206963,C,T,Probably Damaging
rs745497814,3206978,T,G,Benign
rs746567137,3207290,G,A,Benign
rs540936636,3207291,C,T,Benign
rs764064594,3207322,C,G,Benign
rs757148417,3207332,C,G,Probably Damaging
rs181217572,3207344,G,A,Probably Damaging
rs758246791,3207350,G,A,Probably Damaging
rs758246791,3207350,G,C,Probably Damaging
rs758246791,3207350,G,T,Probably Damaging
rs754576220,3207351,C,T,Probably Damaging
rs371382571,3207353,C,G,Benign
rs372362247,3208782,G,C,Probably Damaging
rs372362247,3208782,G,T,Probably Damaging
rs199941479,3208783,C,T,Benign
rs746044552,3208807,C,T,Probably Damaging
rs532273033,3208808,G,A,Probably Damaging
rs201646519,3208840,T,C,Benign
rs759352766,3208844,C,T,Benign
rs201104173,3208862,C,A,Probably Damaging
rs201104173,3208862,C,G,Probably Damaging
rs201104173,3208862,C,T,Probably Damaging
rs780493120,3208870,G,A,Probably Damaging
rs747386152,3208873,G,C,Possibly Damaging
rs747386152,3208873,G,T,Possibly Damaging
rs755852002,3208879,C,G,Benign
rs763076617,3208907,A,G,Benign
rs1143648,3209872,G,A,Benign
rs761383449,3209908,C,T,Benign
rs764790738,3209909,G,A,Benign
rs369908356,3209915,C,T,Probably Damaging
rs753152305,3209946,C,A,Benign
rs756514259,3209948,C,T,Benign
rs756514259,3209948,C,T,Benign
rs746940073,3211939,T,C,Possibly Damaging
rs377147282,3212013,G,T,Benign
rs764652801,3212029,C,T,Benign
rs541980046,3212038,G,A,Benign
rs541980046,3212038,G,T,Benign
rs765539295,3212046,G,A,Benign
rs751572306,3212070,G,T,Benign
rs112260178,3212076,C,G,Benign
rs573353052,3212077,A,T,Benign
rs202240444,3212100,G,A,Benign
rs759064953,3212104,A,G,Benign
rs750741890,3212110,C,A,Benign
rs750741890,3212110,C,T,Benign
rs1180957296,3212120,G,C,Probably Damaging
rs755031506,3212131,A,G,Benign
rs558864739,3212137,T,G,Possibly Damaging
rs367623835,3212575,C,G,Benign
rs375059996,3212603,G,A,Benign
rs371843250,3212623,G,A,Benign
rs575976301,3212645,G,A,Benign
rs575976301,3212645,G,C,Benign
rs760785933,3212649,T,G,Benign
rs763976827,3212653,C,G,Benign
rs763976827,3212653,C,T,Benign
rs757177988,3212660,C,T,Possibly Damaging
rs765139100,3212667,G,C,Benign
rs758159208,3212686,A,C,Benign
rs374360323,3212692,G,A,Benign
rs374360323,3212692,G,C,Benign
rs746271452,3213961,C,G,Benign
rs202236016,3213980,A,G,Benign
rs762725028,3214013,C,T,Benign
rs766207653,3214016,G,A,Benign
rs759260622,3214039,C,G,Probably Damaging
rs750914925,3214063,G,A,Benign
rs1390498946,3214091,A,G,Benign
rs761834017,3214092,C,A,Benign
rs200129223,3214109,A,G,Benign
rs749249752,3214124,T,C,Benign
rs200857448,3215119,A,C,Benign
rs200857448,3215119,A,T,Benign
rs368077431,3215133,C,G,Benign
rs368077431,3215133,C,T,Benign
rs570781020,3215136,C,G,Probably Damaging
rs760418260,3215141,T,A,Benign
rs1395807606,3215148,A,G,Benign
rs1288350631,3215164,C,G,Benign
rs576032337,3215193,G,A,Benign
rs375725257,3217777,T,C,Benign
rs746847868,3217801,C,A,Probably Damaging
rs369049561,3217858,G,A,Benign
rs1269304778,3217864,C,T,Possibly Damaging
rs761971184,3217866,G,T,Benign
rs765452818,3217867,C,T,Benign
rs200455891,3217876,C,T,Possibly Damaging
rs751489752,3217878,C,T,Benign
rs754889042,3217884,C,G,Benign
rs747924353,3217889,G,C,Benign
rs202160733,3217893,A,T,Benign
rs748870495,3217899,A,G,Benign
rs753623269,3217911,C,T,Probably Damaging
rs762215546,3217929,A,G,Benign
rs1204691049,3217930,G,A,Possibly Damaging
rs765419397,3217936,C,T,Benign
rs763081868,3217941,G,A,Possibly Damaging
rs759626383,3220182,G,A,Probably Damaging
rs759626383,3220182,G,A,Probably Damaging
rs752663732,3220207,A,C,Benign
rs752663732,3220207,A,G,Benign
rs760471052,3220209,C,A,Benign
rs760471052,3220209,C,G,Benign
rs756992290,3220224,G,A,Benign
rs749941312,3220231,C,T,Benign
rs757923132,3220234,T,G,Possibly Damaging
rs375455350,3220240,A,C,Probably Damaging
rs201702168,3220271,A,T,Benign
rs760695672,3220294,G,A,Possibly Damaging
rs76653888,3220300,A,G,Probably Damaging
rs753734355,3220303,C,A,Benign
rs754476374,3222396,G,A,Benign
rs764639811,3222398,C,T,Probably Damaging
rs757692224,3222402,C,G,Possibly Damaging
rs758696363,3222446,A,G,Probably Damaging
rs369228257,3222461,A,G,Benign
rs372850510,3222462,T,C,Benign
rs759214847,3223427,A,G,Benign
rs759214847,3223427,A,T,Benign
rs371399733,3223433,G,A,Probably Damaging
rs371399733,3223433,G,C,Probably Damaging
rs763459712,3223442,G,A,Probably Damaging
rs1293921879,3223451,A,T,Probably Damaging
rs3025814,3223463,G,C,Probably Damaging
rs751934871,3223473,C,T,Probably Damaging
rs374835537,3223478,A,T,Benign
rs200676186,3223493,G,A,Probably Damaging
rs749184636,3223499,C,A,Probably Damaging
rs377400749,3223505,G,A,Benign
rs760290505,3223547,G,A,Probably Damaging
rs372373805,3224009,G,A,Possibly Damaging
rs372373805,3224009,G,C,Benign
rs372373805,3224009,G,T,Possibly Damaging
rs551417937,3224014,A,G,Benign
rs753903766,3224020,G,A,Probably Damaging
rs765217251,3224026,G,A,Probably Damaging
rs374647004,3224033,A,G,Benign
rs746771740,3224047,A,G,Benign
rs757798585,3224050,G,A,Possibly Damaging
rs548796695,3224074,A,G,Probably Damaging
rs751506825,3225673,G,A,Benign
rs369560571,3225677,C,A,Benign
rs752505044,3225678,G,A,Benign
rs1376529257,3225696,A,T,Benign
rs377408760,3225698,C,G,Benign
rs753459134,3225702,C,G,Benign
rs369751042,3225709,G,A,Probably Damaging
rs546630669,3225729,T,A,Probably Damaging
rs749997356,3228615,G,A,Probably Damaging
rs749997356,3228615,G,A,Probably Damaging
rs200196119,3228616,T,G,Probably Damaging
rs200196119,3228616,T,G,Probably Damaging
rs753203879,3228619,C,G,Possibly Damaging
rs749588679,3228630,G,A,Benign
rs757552793,3228642,A,G,Benign
rs181007475,3228644,C,G,Benign
rs201944095,3228654,C,A,Probably Damaging
rs746965554,3228675,G,T,Possibly Damaging
rs776528909,3228690,G,A,Benign
rs371268694,3228699,G,A,Benign
rs375957195,3228701,C,A,Benign
rs555039658,3228702,G,A,Benign
rs751016951,3228703,C,A,Benign
rs764566369,3228706,C,T,Possibly Damaging
rs754290508,3228708,G,T,Benign
rs750624963,3228715,C,T,Benign
rs747053633,3228726,A,T,Benign
rs375426084,3228727,C,T,Benign
rs199968967,3228742,C,T,Benign
rs759790420,3228881,A,C,Probably Damaging
rs759790420,3228881,A,C,Probably Damaging
rs765523847,3228887,C,T,Possibly Damaging
rs377091390,3228888,G,A,Benign
rs748046438,3228896,G,A,Benign
rs756025741,3228902,A,G,Benign
rs202216456,3228915,C,T,Benign
rs547238016,3228941,C,T,Possibly Damaging
rs762259129,3228942,G,A,Benign
rs201229449,3228954,C,T,Probably Damaging
rs756042424,3228981,C,A,Benign
rs573475907,3229916,G,C,Benign
rs759918609,3229917,C,T,Possibly Damaging
rs1060505028,3229927,T,A,Probably Damaging
rs1085307052,3229928,T,A,Probably Damaging
rs753876343,3229941,G,A,Benign
rs575650724,3229945,C,T,Possibly Damaging
rs758207233,3229960,G,A,Benign
rs368605366,3229975,C,T,Benign
rs772607321,3229992,G,A,Benign
rs772607321,3229992,G,C,Benign
rs772607321,3229992,G,T,Benign
rs367721569,3230031,G,A,Benign
rs746413928,3233172,G,A,Possibly Damaging
rs780508928,3233176,C,T,Probably Damaging
rs377150821,3233191,G,A,Probably Damaging
rs762976117,3233220,C,T,Probably Damaging
rs766192291,3233226,C,T,Probably Damaging
rs759389018,3233232,A,G,Benign
rs751199242,3233249,C,A,Probably Damaging
rs763694703,3233250,G,A,Probably Damaging
rs747442285,3233260,A,G,Probably Damaging
rs749301391,3233308,C,T,Probably Damaging
rs759491382,3233317,G,A,Benign
rs760448114,3233320,A,T,Possibly Damaging
rs763632808,3233343,G,A,Benign
rs761226991,3233353,A,G,Probably Damaging
rs761226991,3233353,A,G,Probably Damaging
rs761469680,3235288,G,A,Probably Damaging
rs761469680,3235288,G,C,Probably Damaging
rs764673669,3235293,C,G,Benign
rs749895401,3235305,G,C,Probably Damaging
rs561465219,3235312,G,A,Benign
rs561465219,3235312,G,T,Benign
rs756427393,3235322,T,C,Benign
rs757464347,3235334,C,T,Probably Damaging
rs200296674,3235372,C,T,Benign
rs144891713,3235373,C,T,Benign
rs762432503,3235392,A,G,Benign
rs573732436,3235587,G,A,Possibly Damaging
rs573732436,3235587,G,C,Benign
rs955098270,3235628,C,G,Benign
rs199535935,3235649,C,A,Probably Damaging
rs199535935,3235649,C,G,Probably Damaging
rs374836871,3235656,C,G,Probably Damaging
rs754920090,3235665,T,A,Probably Damaging
rs574794357,3235671,G,A,Probably Damaging
rs574794357,3235671,G,T,Probably Damaging
rs369089042,3235679,G,A,Benign
rs369089042,3235679,G,T,Benign
rs201699939,3235686,C,T,Benign
rs564865166,3235706,G,A,Probably Damaging
rs376136833,3235718,G,A,Benign
rs751648728,3235722,A,G,Benign
rs751648728,3235722,A,T,Benign
rs752690276,3235734,G,A,Probably Damaging
rs752690276,3235734,G,T,Probably Damaging
rs755994326,3235736,G,T,Probably Damaging
rs561076268,3235772,T,C,Probably Damaging
rs368288911,3236155,A,G,Probably Damaging
rs764098014,3236183,C,A,Benign
rs3025807,3236196,G,T,Benign
rs765112409,3236202,G,A,Probably Damaging
rs765112409,3236202,G,T,Probably Damaging
rs766116072,3236206,G,A,Probably Damaging
rs754540863,3236208,G,A,Probably Damaging
rs368828515,3236224,C,T,Probably Damaging
rs757662771,3236226,A,G,Possibly Damaging
rs200392606,3238460,T,C,Benign
rs762886284,3238511,G,A,Probably Damaging
rs377344161,3238521,C,T,Probably Damaging
rs752320329,3238550,G,A,Probably Damaging
rs760109312,3238569,A,T,Probably Damaging
rs763602564,3238572,A,C,Probably Damaging
rs377159286,3238601,G,A,Probably Damaging
rs368718954,3238842,G,A,Probably Damaging
rs749355880,3238854,A,G,Benign
rs757320279,3238855,T,C,Benign
rs757320279,3238855,T,G,Benign
rs745742415,3238860,C,T,Probably Damaging
rs746684809,3238879,C,A,Probably Damaging
rs1248764175,3238894,C,A,Probably Damaging
rs1248764175,3238894,C,T,Probably Damaging
rs530536695,3238908,G,A,Probably Damaging
rs761305733,3238912,C,T,Probably Damaging
rs375081737,3238921,C,T,Benign
rs759983194,3238938,T,C,Probably Damaging
rs753074331,3238941,T,C,Benign
rs764361253,3238951,C,T,Probably Damaging
rs201076881,3238971,G,A,Benign
rs746808887,3238972,C,T,Benign
rs1407846301,3238974,G,A,Probably Damaging
rs573525160,3239856,G,A,Benign
rs747824755,3239892,G,A,Possibly Damaging
rs748815950,3239914,C,T,Probably Damaging
rs377287477,3239933,C,A,Probably Damaging
rs776079306,3239936,G,C,Probably Damaging
rs776079306,3239936,G,T,Probably Damaging
rs559444471,3239940,G,A,Benign
rs528205593,3239941,A,G,Benign
rs528205593,3239941,A,T,Possibly Damaging
rs370674094,3239955,C,T,Probably Damaging
rs374376603,3239956,G,A,Probably Damaging
rs374376603,3239956,G,T,Probably Damaging
rs769006451,3240012,C,T,Possibly Damaging
rs748823223,3240013,G,A,Benign
rs778248380,3240030,C,G,Benign
rs1311999577,3074830,C,A,Probably Damaging
rs1276350475,3074849,G,C,Benign
rs1291005109,3074872,C,T,Probably Damaging
rs1302432328,3074923,A,C,Benign
rs1375537334,3074949,C,A,Benign
rs1365030065,3074962,C,A,Benign
rs1365030065,3074962,C,T,Benign
rs1422982151,3074964,C,T,Benign
rs1394673872,3074974,A,C,Benign
rs1314330024,3074986,C,A,Benign
rs1314330024,3074986,C,T,Benign
rs1444439801,3075010,T,C,Benign
rs1354042335,3075013,C,G,Benign
rs1423242905,3075021,C,G,Benign
rs1439201204,3075048,C,A,Benign
rs1372453864,3075074,G,C,Benign
rs1379372136,3075075,C,T,Benign
rs1383511543,3075081,C,A,Benign
rs1428324375,3086961,A,C,Probably Damaging
rs1287551044,3086978,T,A,Benign
rs1287073928,3086994,T,C,Probably Damaging
rs1279841426,3087005,A,G,Probably Damaging
rs1321049145,3087006,G,A,Probably Damaging
rs1315494366,3099292,G,C,Probably Damaging
rs1423813185,3099313,G,A,Probably Damaging
rs1303509203,3099314,G,A,Probably Damaging
rs1439565558,3099318,T,G,Possibly Damaging
rs1361778147,3099342,C,T,Benign
rs1440430798,3099371,G,A,Probably Damaging
rs1383361439,3099383,A,C,Benign
rs1319979809,3099393,A,G,Probably Damaging
rs1319979809,3099393,A,G,Probably Damaging
rs1446044804,3105360,G,A,Possibly Damaging
rs1278858697,3105423,C,G,Probably Damaging
rs1441523767,3105424,C,T,Probably Damaging
rs1320836805,3107350,A,G,Probably Damaging
rs1287460301,3107406,A,G,Probably Damaging
rs1359423552,3107421,A,G,Probably Damaging
rs1359423552,3107421,A,G,Probably Damaging
rs1353153981,3115325,G,A,Benign
rs1439511902,3115340,A,G,Benign
rs1300696904,3115341,G,A,Benign
rs1358467400,3115362,C,T,Probably Damaging
rs1310984579,3115377,C,T,Benign
rs1286372399,3115422,G,C,Benign
rs1374552676,3116094,T,C,Benign
rs1336253585,3116104,G,T,Benign
rs1333168099,3116129,C,G,Probably Damaging
rs1377885481,3116141,C,T,Probably Damaging
rs1394085385,3116154,A,G,Benign
rs1432470813,3116159,G,A,Benign
rs1295453935,3121250,A,G,Benign
rs1337248057,3121271,A,G,Probably Damaging
rs1367790225,3121300,C,G,Probably Damaging
rs1420856247,3121324,C,A,Benign
rs1363329574,3121327,G,A,Benign
rs1418040759,3121330,C,T,Probably Damaging
rs1307030251,3121358,G,A,Benign
rs1307030251,3121358,G,T,Possibly Damaging
rs1352353519,3121360,A,G,Benign
rs1348224993,3121363,G,A,Benign
rs1348224993,3121363,G,C,Benign
rs1298109155,3121417,A,T,Probably Damaging
rs1389054308,3121423,G,A,Benign
rs1288790425,3122904,C,T,Benign
rs1356676029,3122912,C,T,Probably Damaging
rs1346571395,3122930,C,G,Benign
rs1277282270,3122936,G,A,Possibly Damaging
rs1277282270,3122936,G,A,Possibly Damaging
rs1416378219,3125551,A,G,Probably Damaging
rs1416378219,3125551,A,G,Probably Damaging
rs1281303909,3125563,G,A,Probably Damaging
rs1274960482,3125608,G,A,Benign
rs1400912650,3127273,A,G,Benign
rs1316442657,3127338,G,A,Benign
rs1322913126,3127423,C,T,Benign
rs1398528968,3127464,A,G,Probably Damaging
rs1360132335,3127525,C,T,Probably Damaging
rs1301605002,3127528,C,T,Benign
rs1376238816,3127531,C,A,Probably Damaging
rs1300050492,3127572,T,G,Probably Damaging
rs1370695353,3127585,C,T,Probably Damaging
rs1422194403,3129924,G,A,Probably Damaging
rs1422194403,3129924,G,A,Possibly Damaging
rs1422194403,3129924,G,A,Possibly Damaging
rs1435344099,3129937,C,T,Benign
rs1435344099,3129937,C,T,Benign
rs1342156429,3129939,G,A,Benign
rs1342156429,3129939,G,T,Probably Damaging
rs1342156429,3129939,G,A,Benign
rs1342156429,3129939,G,T,Possibly Damaging
rs1316043690,3129958,T,A,Benign
rs1316043690,3129958,T,A,Benign
rs1305734227,3129988,A,T,Probably Damaging
rs1305734227,3129988,A,T,Benign
rs1291794655,3130024,A,G,Benign
rs1291794655,3130024,A,T,Benign
rs1354746576,3130037,C,G,Benign
rs1373065756,3130038,T,A,Benign
rs1420632901,3130328,A,G,Benign
rs1420632901,3130328,A,G,Benign
rs1446232690,3130353,C,T,Benign
rs1446232690,3130353,C,T,Benign
rs1343432552,3130374,A,G,Benign
rs1343432552,3130374,A,G,Benign
rs1350276105,3130397,A,G,Benign
rs1350276105,3130397,A,G,Benign
rs1330915846,3130406,G,T,Possibly Damaging
rs1330915846,3130406,G,T,Probably Damaging
rs1402219650,3131289,T,C,Benign
rs1295015989,3131649,G,A,Probably Damaging
rs1368041080,3131650,A,G,Probably Damaging
rs1274067886,3131685,C,T,Benign
rs1418186998,3131698,G,A,Possibly Damaging
rs1290834438,3131742,T,C,Probably Damaging
rs1288634335,3131751,C,G,Probably Damaging
rs1298532507,3132627,A,G,Probably Damaging
rs1310845369,3132699,G,A,Benign
rs1357000835,3132835,A,G,Benign
rs1272957292,3134413,A,C,Benign
rs1385544325,3135930,C,A,Benign
rs1386537792,3135960,A,G,Probably Damaging
rs1434199791,3136256,A,G,Benign
rs1406907399,3136269,A,G,Benign
rs1438162040,3136304,G,T,Probably Damaging
rs1319739148,3140542,A,G,Benign
rs1319739148,3140542,A,G,Benign
rs1387368455,3140583,A,C,Probably Damaging
rs1387368455,3140583,A,C,Probably Damaging
rs1331039650,3140601,C,G,Probably Damaging
rs1331039650,3140601,C,G,Possibly Damaging
rs1385041201,3140614,A,T,Probably Damaging
rs1385041201,3140614,A,T,Probably Damaging
rs1311771757,3140623,C,T,Probably Damaging
rs1311771757,3140623,C,T,Probably Damaging
rs1421316844,3140653,C,T,Probably Damaging
rs1421316844,3140653,C,T,Probably Damaging
rs1430793774,3142761,A,T,Benign
rs1326280154,3142809,A,G,Benign
rs1326280154,3142809,A,G,Benign
rs1422559180,3142852,A,G,Benign
rs1422559180,3142852,A,G,Benign
rs1429942856,3142855,A,G,Benign
rs1429942856,3142855,A,G,Benign
rs1389310543,3142863,A,G,Benign
rs1389310543,3142863,A,G,Benign
rs1287021690,3145153,T,C,Probably Damaging
rs1287021690,3145153,T,C,Probably Damaging
rs1287082355,3146798,G,A,Benign
rs1287082355,3146798,G,A,Benign
rs1343894239,3146813,G,T,Benign
rs1311556444,3146814,C,T,Benign
rs1335478399,3146825,T,C,Benign
rs1380570045,3146859,T,A,Benign
rs1391168149,3146877,C,G,Probably Damaging
rs1441074975,3146945,G,A,Probably Damaging
rs1424817990,3148007,A,T,Possibly Damaging
rs1424817990,3148007,A,T,Possibly Damaging
rs1388840283,3148023,T,C,Benign
rs1404073242,3148046,G,C,Possibly Damaging
rs1338915043,3148056,A,T,Benign
rs1429584352,3148061,G,A,Benign
rs1295374927,3148205,A,G,Probably Damaging
rs1295374927,3148205,A,G,Probably Damaging
rs1367660053,3154317,C,T,Benign
rs1361524056,3154339,G,A,Benign
rs1414497848,3154378,C,A,Possibly Damaging
rs1414497848,3154378,C,G,Benign
rs1414497848,3154378,C,T,Possibly Damaging
rs1413900519,3157084,C,G,Benign
rs1371750264,3157105,C,A,Benign
rs1275135995,3157131,A,G,Benign
rs1275135995,3157131,A,T,Possibly Damaging
rs1387313346,3157170,G,A,Benign
rs1322201946,3160304,G,A,Benign
rs1292754620,3160327,C,A,Probably Damaging
rs1292754620,3160327,C,T,Probably Damaging
rs1346746298,3160337,C,T,Benign
rs1443498989,3160342,G,T,Probably Damaging
rs1416506143,3160348,C,A,Probably Damaging
rs1379077767,3160355,A,T,Probably Damaging
rs1412295903,3160358,T,C,Benign
rs1286916370,3160370,C,T,Probably Damaging
rs1286916370,3160370,C,T,Possibly Damaging
rs1312264462,3160381,G,A,Probably Damaging
rs1312264462,3160381,G,A,Probably Damaging
rs1353623875,3160384,A,G,Probably Damaging
rs1353623875,3160384,A,G,Benign
rs1289180917,3160388,G,A,Possibly Damaging
rs1289180917,3160388,G,A,Possibly Damaging
rs1431540096,3172320,T,A,Possibly Damaging
rs1431540096,3172320,T,A,Possibly Damaging
rs1431540096,3172320,T,A,Benign
rs1431540096,3172320,T,A,Benign
rs1295465477,3172369,C,T,Probably Damaging
rs1295465477,3172369,C,T,Possibly Damaging
rs1301710016,3172375,T,C,Probably Damaging
rs1301710016,3172375,T,C,Benign
rs1367879346,3172377,G,A,Probably Damaging
rs1367879346,3172377,G,A,Benign
rs1355502821,3172918,C,T,Possibly Damaging
rs1355502821,3172918,C,T,Benign
rs1355502821,3172918,C,T,Possibly Damaging
rs1355502821,3172918,C,T,Possibly Damaging
rs1355502821,3172918,C,T,Possibly Damaging
rs1355502821,3172918,C,T,Possibly Damaging
rs1314969026,3172951,A,G,Possibly Damaging
rs1314969026,3172951,A,G,Benign
rs1314969026,3172951,A,G,Possibly Damaging
rs1314969026,3172951,A,G,Possibly Damaging
rs1314969026,3172951,A,G,Possibly Damaging
rs1314969026,3172951,A,G,Possibly Damaging
rs1406207578,3172976,G,T,Possibly Damaging
rs1406207578,3172976,G,T,Benign
rs1406207578,3172976,G,T,Possibly Damaging
rs1406207578,3172976,G,T,Possibly Damaging
rs1406207578,3172976,G,T,Possibly Damaging
rs1406207578,3172976,G,T,Possibly Damaging
rs1276864333,3173023,G,A,Probably Damaging
rs1276864333,3173023,G,A,Probably Damaging
rs1276864333,3173023,G,A,Probably Damaging
rs1276864333,3173023,G,A,Probably Damaging
rs1276864333,3173023,G,A,Probably Damaging
rs1276864333,3173023,G,A,Probably Damaging
rs1370068295,3173082,G,A,Probably Damaging
rs1370068295,3173082,G,A,Possibly Damaging
rs1370068295,3173082,G,A,Probably Damaging
rs1370068295,3173082,G,A,Probably Damaging
rs1370068295,3173082,G,A,Probably Damaging
rs1370068295,3173082,G,A,Probably Damaging
rs1374178415,3173124,A,C,Benign
rs1374178415,3173124,A,C,Benign
rs1374178415,3173124,A,C,Benign
rs1374178415,3173124,A,C,Benign
rs1374178415,3173124,A,C,Benign
rs1374178415,3173124,A,C,Benign
rs1377224411,3174777,T,A,Possibly Damaging
rs1308043350,3174794,G,T,Probably Damaging
rs1335500178,3174796,T,A,Probably Damaging
rs1407208079,3174962,A,T,Probably Damaging
rs1306479576,3174979,C,T,Probably Damaging
rs1407377689,3175021,T,C,Benign
rs1418888194,3175037,A,G,Benign
rs1432100882,3175054,C,A,Probably Damaging
rs1413434790,3177340,T,G,Probably Damaging
rs1331744946,3177342,G,A,Probably Damaging
rs1275294695,3177374,G,A,Probably Damaging
rs1320268171,3178303,C,T,Probably Damaging
rs1400513633,3178318,C,G,Probably Damaging
rs1357618898,3178334,C,G,Probably Damaging
rs1285597512,3178348,C,G,Probably Damaging
rs1371341084,3178359,T,C,Probably Damaging
rs1373390886,3178438,T,C,Probably Damaging
rs1328440010,3180523,G,A,Probably Damaging
rs1372380539,3180535,A,G,Probably Damaging
rs1430407268,3180603,A,T,Probably Damaging
rs1395764048,3180622,A,G,Possibly Damaging
rs1395764048,3180622,A,T,Possibly Damaging
rs1379126032,3182409,A,G,Benign
rs1375310919,3182426,C,G,Benign
rs1351547277,3182436,C,G,Benign
rs1279526689,3182442,T,C,Benign
rs1311814483,3182444,A,G,Benign
rs1274732534,3186608,C,G,Probably Damaging
rs1345667292,3186640,T,C,Probably Damaging
rs1337469612,3186669,C,T,Probably Damaging
rs1309974209,3186697,T,C,Benign
rs1375429273,3186706,C,G,Benign
rs1379511203,3187701,G,T,Probably Damaging
rs1400446435,3187714,T,G,Probably Damaging
rs1321073138,3187757,T,C,Probably Damaging
rs1433865496,3187772,A,G,Benign
rs1348095439,3187796,A,G,Benign
rs1307278484,3187805,G,A,Benign
rs1356021854,3187811,G,A,Benign
rs1392214094,3187813,G,T,Benign
rs1289310054,3188990,T,G,Probably Damaging
rs1317349967,3189025,A,G,Probably Damaging
rs1398573291,3189031,A,G,Benign
rs1361309360,3189038,C,A,Probably Damaging
rs1387685592,3199739,C,G,Probably Damaging
rs1387685592,3199739,C,G,Probably Damaging
rs1425437669,3199741,G,A,Probably Damaging
rs1425437669,3199741,G,A,Probably Damaging
rs1359070463,3199827,G,A,Benign
rs1359070463,3199827,G,A,Benign
rs1381936196,3199831,G,A,Benign
rs1381936196,3199831,G,A,Benign
rs1316645974,3199836,A,G,Benign
rs1316645974,3199836,A,G,Benign
rs1358018629,3199855,C,T,Benign
rs1358018629,3199855,C,T,Possibly Damaging
rs1287608158,3199860,G,T,Probably Damaging
rs1287608158,3199860,G,T,Probably Damaging
rs1409887257,3199900,C,A,Probably Damaging
rs1409887257,3199900,C,A,Possibly Damaging
rs1297984136,3199904,C,A,Benign
rs1297984136,3199904,C,A,Benign
rs1415405016,3199916,G,T,Probably Damaging
rs1415405016,3199916,G,T,Probably Damaging
rs1392322951,3204048,T,C,Benign
rs1392322951,3204048,T,C,Benign
rs1302187006,3204054,G,C,Benign
rs1302187006,3204054,G,C,Benign
rs1296093493,3204068,T,G,Benign
rs1296093493,3204068,T,G,Benign
rs1306840697,3204077,G,T,Benign
rs1306840697,3204077,G,T,Benign
rs1427237629,3204122,G,A,Probably Damaging
rs1427237629,3204122,G,A,Probably Damaging
rs1363469852,3206554,A,G,Probably Damaging
rs1363469852,3206554,A,G,Possibly Damaging
rs1286022764,3206844,G,A,Probably Damaging
rs1397028988,3206861,T,C,Probably Damaging
rs1316757421,3206885,G,T,Benign
rs1408940460,3206888,G,C,Probably Damaging
rs1315106177,3206892,G,T,Benign
rs1381429067,3206897,C,A,Probably Damaging
rs1281971007,3206915,G,A,Possibly Damaging
rs1364589136,3206930,G,A,Probably Damaging
rs1364589136,3206930,G,C,Probably Damaging
rs1357654947,3206942,G,A,Probably Damaging
rs1337833650,3207285,G,T,Possibly Damaging
rs1367045017,3207286,C,G,Benign
rs1393983248,3207288,T,C,Benign
rs1374469172,3207289,G,T,Benign
rs1323521963,3208801,A,G,Probably Damaging
rs1413876966,3208824,A,C,Benign
rs1284406219,3208858,C,T,Probably Damaging
rs1300582546,3208867,G,A,Probably Damaging
rs1312341482,3208897,G,T,Benign
rs1410613616,3208901,G,C,Benign
rs1409199183,3209858,G,T,Probably Damaging
rs1319132909,3209867,G,C,Benign
rs1334321248,3209875,T,A,Benign
rs1339482572,3209876,C,G,Benign
rs1312081689,3209920,G,A,Benign
rs1388535109,3209926,A,G,Benign
rs1440858485,3209927,T,C,Benign
rs1381934565,3209935,T,C,Benign
rs1432072486,3209939,T,C,Benign
rs1298469672,3211938,C,A,Benign
rs1294356554,3211957,G,T,Probably Damaging
rs1390275851,3212001,G,A,Benign
rs1317446502,3212037,C,T,Possibly Damaging
rs1366524912,3212082,T,G,Benign
rs1310976797,3212103,G,A,Benign
rs1411142551,3212134,A,G,Benign
rs1321030238,3212578,T,C,Benign
rs1388646674,3212594,C,G,Benign
rs1407425421,3212602,C,G,Benign
rs1407425421,3212602,C,T,Possibly Damaging
rs1425737299,3212615,A,G,Probably Damaging
rs1300784431,3212639,T,C,Possibly Damaging
rs1351099845,3212662,C,A,Benign
rs1436834558,3214012,G,A,Benign
rs1431840299,3214049,C,G,Possibly Damaging
rs1275712459,3214054,C,G,Benign
rs1310282549,3214083,T,G,Benign
rs1392760938,3214097,G,A,Probably Damaging
rs1298588369,3214123,A,T,Benign
rs1431076427,3217767,C,G,Benign
rs1431076427,3217767,C,G,Benign
rs1409647878,3217803,G,A,Benign
rs1417854355,3217843,A,G,Benign
rs1307258624,3217849,G,A,Benign
rs1293731411,3217908,G,T,Benign
rs1297006777,3220183,T,G,Probably Damaging
rs1297006777,3220183,T,G,Probably Damaging
rs1332917451,3220194,G,A,Probably Damaging
rs1420282563,3220204,C,T,Probably Damaging
rs1373467914,3220248,G,A,Probably Damaging
rs1373467914,3220248,G,C,Probably Damaging
rs1325363472,3220273,T,G,Possibly Damaging
rs1418726094,3222395,A,G,Benign
rs1404225332,3222399,G,A,Probably Damaging
rs1348307024,3222417,C,T,Probably Damaging
rs1443600938,3222458,G,A,Benign
rs1371331144,3222477,G,A,Benign
rs1394589248,3223431,A,G,Benign
rs1338280368,3223446,A,C,Probably Damaging
rs1416449250,3223520,C,G,Probably Damaging
rs1354786678,3223530,G,A,Probably Damaging
rs1282525481,3223553,G,A,Benign
rs1350490866,3223556,A,C,Probably Damaging
rs1417352670,3224006,T,C,Probably Damaging
rs1288704385,3224051,T,C,Benign
rs1297928308,3224120,C,T,Benign
rs1384262179,3224125,A,G,Benign
rs1307258964,3225708,C,T,Probably Damaging
rs1355560519,3225732,A,C,Benign
rs1348453066,3225735,C,G,Probably Damaging
rs1348453066,3225735,C,T,Probably Damaging
rs1355861829,3228680,G,T,Benign
rs1286673367,3228684,G,C,Possibly Damaging
rs1284484170,3228697,C,T,Benign
rs1281484940,3228718,C,T,Benign
rs1424449957,3228911,T,C,Probably Damaging
rs1397035194,3228918,A,G,Probably Damaging
rs1387651792,3228919,G,T,Probably Damaging
rs1329819655,3228934,G,T,Benign
rs1373861806,3228971,A,G,Benign
rs1294475609,3228975,C,T,Benign
rs1345353445,3228978,C,T,Probably Damaging
rs1426415092,3229983,G,A,Benign
rs1433150401,3229985,G,C,Benign
rs1411196779,3229997,G,T,Probably Damaging
rs1295077532,3230013,A,T,Benign
rs1368163140,3230014,C,T,Benign
rs1405779986,3233286,G,A,Benign
rs1334932926,3233296,A,C,Possibly Damaging
rs1278746138,3233325,C,G,Probably Damaging
rs1441390572,3233331,T,C,Probably Damaging
rs1319419438,3233337,C,G,Probably Damaging
rs1402486052,3235286,G,A,Probably Damaging
rs1402486052,3235286,G,A,Probably Damaging
rs1358193160,3235301,G,T,Possibly Damaging
rs1320268318,3235310,A,T,Probably Damaging
rs1299397523,3235338,T,G,Probably Damaging
rs1299719993,3235376,A,T,Possibly Damaging
rs1443249118,3235391,T,C,Benign
rs1373141265,3235569,G,A,Probably Damaging
rs1331753896,3235592,G,A,Benign
rs1320271939,3235623,G,A,Probably Damaging
rs1353680241,3235668,C,T,Possibly Damaging
rs1295208182,3235670,C,A,Probably Damaging
rs1301270150,3235733,C,T,Probably Damaging
rs1288494836,3235739,A,G,Possibly Damaging
rs1360141706,3235741,G,A,Probably Damaging
rs1313911638,3235745,G,A,Probably Damaging
rs1322405871,3236164,G,T,Probably Damaging
rs1406173120,3236217,A,G,Probably Damaging
rs1345141397,3236235,G,C,Probably Damaging
rs1357195305,3238509,A,G,Probably Damaging
rs1363557000,3238557,T,G,Probably Damaging
rs1380425334,3238599,T,C,Probably Damaging
rs1301459638,3238861,G,A,Probably Damaging
rs1293216233,3238903,C,G,Benign
rs1293216233,3238903,C,T,Benign
rs1440552548,3238927,G,A,Probably Damaging
rs1363452184,3238944,G,A,Probably Damaging
rs1316267315,3238950,G,A,Probably Damaging
rs1443954791,3238975,C,T,Probably Damaging
rs1306894115,3239850,C,T,Probably Damaging
rs1283600580,3239859,A,G,Benign
rs1344017622,3239860,T,C,Benign
rs1274981170,3239863,G,A,Probably Damaging
rs1406304135,3239913,G,A,Probably Damaging
rs1406304135,3239913,G,T,Probably Damaging
rs1339875372,3239932,A,G,Probably Damaging
rs1272458139,3239935,A,G,Probably Damaging
rs1319951523,3239959,G,A,Probably Damaging
rs1326788791,3239962,C,A,Possibly Damaging
rs1380893520,3239983,T,C,Benign
rs1286697139,3239991,G,A,Benign
rs1385224216,3240029,A,T,Probably Damaging
rs1408093138,3240042,A,G,Benign
rs1276350351,3240046,T,A,Benign
rs1276350351,3240046,T,G,Benign
